"n_guns_involved","n_affected"
1,"0"
1,"0"
1,"0"
1,"1"
1,"3"
1,"0"
1,"1"
1,"1"
2,"0"
1,"1"
1,"1"
1,"1"
1,"1"
1,"2"
1,"0"
1,"1"
1,"1"
1,"0"
1,"0"
1,"1"
1,"0"
1,"0"
1,"0"
1,"1"
1,"1"
1,"0"
1,"1"
1,"0"
1,"0"
1,"0"
1,"1"
1,"0"
1,"1"
1,"2"
1,"0"
1,"1"
1,"1"
1,"1"
1,"1"
1,"0"
1,"0"
1,"2"
1,"2"
1,"0"
1,"1"
1,"1"
1,"1"
1,"1"
1,"0"
1,"1"
1,"0"
1,"0"
1,"2"
1,"0"
2,"1"
1,"1"
1,"2"
1,"0"
1,"1"
1,"0"
1,"0"
1,"1"
1,"1"
1,"1"
1,"1"
1,"0"
1,"1"
1,"1"
1,"1"
1,"0"
1,"0"
1,"0"
1,"1"
1,"0"
1,"1"
1,"2"
1,"0"
1,"0"
1,"2"
1,"1"
1,"0"
1,"0"
1,"0"
1,"0"
1,"1"
1,"0"
1,"0"
1,"0"
1,"0"
1,"0"
1,"1"
1,"0"
1,"1"
1,"2"
1,"0"
1,"1"
1,"2"
1,"1"
1,"2"
1,"3"
1,"1"
1,"0"
1,"1"
1,"1"
1,"1"
1,"1"
1,"1"
1,"1"
3,"0"
1,"2"
1,"0"
1,"1"
1,"0"
1,"0"
1,"1"
1,"0"
1,"2"
1,"0"
1,"1"
1,"1"
1,"1"
1,"0"
1,"0"
1,"1"
1,"0"
1,"1"
1,"1"
1,"1"
1,"2"
1,"0"
1,"3"
1,"0"
1,"0"
1,"1"
1,"2"
1,"2"
1,"1"
1,"1"
1,"1"
1,"1"
1,"0"
1,"2"
1,"0"
1,"1"
1,"1"
1,"0"
3,"2"
1,"2"
1,"0"
1,"1"
1,"1"
1,"3"
1,"0"
1,"1"
1,"1"
1,"1"
1,"1"
1,"0"
1,"0"
1,"1"
1,"1"
1,"2"
1,"0"
1,"1"
1,"0"
1,"0"
1,"1"
1,"1"
1,"1"
1,"1"
1,"1"
1,"1"
1,"1"
1,"1"
1,"1"
1,"2"
1,"1"
1,"1"
1,"1"
1,"1"
2,"0"
1,"0"
1,"0"
1,"0"
1,"1"
1,"0"
1,"1"
1,"1"
1,"2"
1,"0"
1,"0"
1,"0"
1,"1"
1,"4"
1,"0"
1,"1"
1,"0"
1,"1"
1,"0"
1,"1"
1,"1"
1,"1"
1,"0"
2,"0"
1,"2"
1,"0"
1,"1"
1,"0"
1,"1"
1,"1"
6,"0"
1,"2"
1,"1"
1,"1"
1,"0"
1,"1"
1,"1"
7,"0"
1,"3"
1,"3"
1,"1"
1,"0"
1,"0"
1,"1"
1,"1"
1,"1"
1,"0"
1,"1"
1,"1"
1,"0"
1,"0"
1,"1"
1,"0"
1,"1"
1,"0"
2,"0"
1,"0"
1,"1"
1,"0"
1,"1"
1,"1"
1,"2"
1,"2"
1,"1"
1,"2"
1,"1"
10,"1"
1,"1"
1,"0"
1,"1"
1,"1"
1,"1"
1,"2"
1,"0"
1,"0"
1,"0"
2,"1"
1,"1"
1,"0"
1,"1"
4,"0"
1,"1"
1,"0"
1,"2"
1,"1"
1,"1"
1,"1"
1,"1"
1,"1"
1,"1"
1,"1"
1,"1"
1,"1"
1,"0"
1,"0"
1,"0"
1,"0"
1,"1"
14,"0"
1,"1"
1,"0"
2,"0"
1,"1"
1,"1"
1,"2"
1,"0"
1,"0"
1,"1"
1,"0"
1,"1"
1,"0"
1,"0"
1,"0"
1,"0"
1,"0"
1,"1"
1,"1"
1,"0"
1,"1"
1,"1"
1,"1"
1,"1"
1,"1"
1,"1"
1,"1"
1,"1"
2,"0"
1,"1"
1,"1"
1,"0"
1,"0"
1,"1"
1,"2"
2,"3"
1,"0"
1,"1"
1,"2"
1,"1"
1,"1"
1,"0"
1,"1"
1,"1"
1,"0"
1,"1"
1,"1"
1,"0"
2,"0"
1,"1"
1,"1"
1,"1"
1,"1"
1,"0"
1,"0"
1,"0"
2,"0"
1,"1"
1,"0"
1,"0"
1,"1"
1,"0"
1,"2"
1,"1"
1,"1"
1,"1"
1,"0"
1,"2"
1,"1"
1,"1"
1,"0"
1,"0"
1,"0"
1,"1"
1,"1"
1,"1"
1,"1"
1,"0"
1,"0"
1,"0"
1,"0"
1,"2"
1,"1"
1,"1"
1,"0"
1,"3"
1,"1"
1,"0"
1,"0"
1,"1"
1,"0"
1,"0"
2,"1"
1,"2"
1,"0"
1,"0"
1,"1"
1,"1"
1,"1"
1,"1"
1,"1"
1,"0"
1,"2"
1,"0"
1,"1"
1,"1"
1,"1"
1,"0"
1,"1"
1,"0"
1,"1"
1,"1"
1,"1"
1,"1"
5,"0"
1,"1"
1,"1"
1,"1"
6,"0"
1,"0"
2,"0"
1,"0"
1,"0"
1,"0"
2,"0"
1,"0"
1,"2"
1,"1"
1,"0"
1,"2"
1,"1"
1,"0"
1,"1"
1,"2"
1,"1"
1,"2"
1,"0"
1,"0"
1,"0"
1,"1"
2,"0"
1,"0"
1,"1"
1,"1"
1,"2"
1,"1"
1,"0"
1,"1"
1,"1"
1,"1"
1,"1"
1,"1"
1,"0"
1,"1"
1,"0"
1,"1"
1,"1"
1,"1"
1,"1"
1,"1"
1,"1"
2,"0"
1,"1"
1,"0"
1,"2"
1,"2"
1,"0"
1,"0"
1,"2"
1,"1"
1,"0"
2,"1"
31,"2"
1,"1"
1,"1"
1,"1"
1,"2"
1,"0"
2,"0"
2,"2"
1,"1"
1,"0"
1,"1"
1,"0"
1,"0"
1,"1"
1,"0"
1,"0"
3,"0"
1,"1"
1,"1"
1,"1"
1,"2"
1,"1"
1,"2"
1,"0"
1,"1"
36,"0"
1,"1"
1,"0"
1,"0"
1,"0"
1,"1"
2,"0"
1,"0"
1,"2"
1,"2"
1,"1"
1,"1"
1,"1"
1,"1"
1,"0"
2,"0"
1,"4"
1,"1"
2,"0"
1,"0"
1,"1"
1,"4"
1,"0"
1,"1"
1,"1"
1,"0"
1,"1"
1,"0"
1,"0"
2,"0"
1,"1"
1,"1"
1,"3"
1,"2"
1,"0"
1,"0"
1,"1"
1,"1"
6,"0"
1,"1"
1,"0"
1,"2"
1,"2"
1,"1"
2,"1"
1,"0"
1,"1"
1,"1"
1,"0"
1,"1"
1,"3"
1,"2"
1,"1"
1,"2"
3,"0"
1,"1"
1,"1"
1,"2"
1,"2"
1,"1"
1,"0"
1,"1"
1,"0"
1,"0"
1,"1"
1,"0"
1,"1"
1,"0"
1,"1"
1,"1"
1,"1"
1,"1"
1,"0"
1,"1"
1,"0"
1,"1"
1,"1"
1,"1"
1,"1"
1,"0"
1,"1"
1,"0"
1,"1"
1,"0"
1,"1"
1,"1"
1,"1"
1,"1"
1,"1"
1,"1"
1,"0"
1,"1"
1,"1"
1,"1"
1,"0"
1,"1"
6,"0"
1,"3"
1,"1"
1,"0"
1,"0"
1,"0"
1,"1"
1,"0"
1,"1"
1,"1"
1,"1"
1,"1"
1,"0"
1,"1"
1,"0"
1,"1"
1,"0"
1,"1"
1,"1"
1,"0"
1,"1"
3,"0"
1,"1"
1,"0"
1,"0"
1,"1"
1,"1"
1,"1"
1,"1"
1,"0"
1,"1"
1,"0"
1,"0"
2,"1"
1,"0"
1,"1"
1,"0"
1,"1"
1,"1"
1,"0"
1,"2"
1,"1"
1,"0"
1,"0"
1,"0"
1,"0"
1,"1"
1,"0"
1,"0"
1,"0"
1,"0"
1,"0"
1,"0"
1,"1"
1,"1"
1,"0"
1,"1"
1,"2"
1,"0"
1,"0"
1,"0"
1,"0"
1,"1"
1,"0"
1,"0"
1,"0"
1,"0"
1,"1"
1,"1"
1,"1"
1,"1"
1,"1"
1,"1"
1,"1"
1,"0"
1,"1"
3,"0"
1,"0"
1,"1"
1,"1"
1,"1"
1,"0"
1,"2"
1,"1"
1,"1"
1,"1"
1,"1"
2,"0"
1,"1"
1,"1"
2,"0"
1,"1"
1,"0"
1,"1"
1,"0"
1,"2"
1,"1"
1,"0"
1,"1"
1,"1"
1,"1"
1,"1"
1,"1"
1,"1"
1,"1"
1,"1"
1,"1"
1,"1"
1,"1"
1,"0"
1,"1"
1,"1"
2,"0"
1,"1"
1,"1"
1,"1"
1,"1"
1,"6"
1,"1"
1,"1"
1,"2"
1,"0"
1,"0"
1,"1"
1,"0"
1,"0"
1,"1"
1,"1"
1,"1"
1,"0"
1,"1"
1,"2"
1,"1"
1,"1"
1,"0"
1,"1"
1,"1"
1,"2"
1,"1"
1,"1"
1,"0"
1,"1"
5,"0"
1,"1"
1,"1"
1,"0"
1,"1"
1,"0"
1,"0"
1,"1"
1,"2"
1,"1"
1,"1"
1,"1"
1,"0"
1,"0"
1,"0"
1,"1"
2,"0"
1,"0"
1,"1"
1,"1"
1,"0"
1,"1"
1,"1"
1,"0"
1,"4"
1,"2"
1,"1"
1,"0"
1,"1"
1,"3"
2,"0"
1,"0"
1,"0"
1,"1"
1,"1"
1,"1"
1,"1"
2,"0"
1,"0"
1,"1"
1,"0"
1,"1"
1,"1"
1,"2"
1,"0"
1,"3"
1,"2"
1,"1"
2,"2"
1,"0"
1,"1"
1,"1"
1,"1"
1,"1"
1,"1"
1,"0"
1,"1"
1,"1"
1,"1"
1,"0"
1,"1"
1,"0"
1,"0"
1,"1"
1,"0"
3,"0"
1,"1"
2,"0"
1,"0"
1,"1"
1,"1"
1,"2"
1,"1"
1,"0"
1,"0"
1,"1"
1,"2"
1,"2"
1,"0"
1,"0"
1,"0"
1,"0"
1,"1"
1,"1"
1,"1"
1,"1"
1,"1"
1,"0"
1,"1"
1,"1"
1,"1"
1,"1"
1,"1"
1,"0"
1,"1"
1,"0"
1,"1"
1,"2"
1,"1"
1,"2"
1,"1"
1,"1"
1,"1"
1,"1"
1,"1"
1,"1"
1,"1"
1,"1"
1,"0"
1,"0"
1,"1"
1,"1"
1,"0"
1,"0"
1,"1"
1,"2"
1,"1"
1,"0"
1,"0"
1,"1"
1,"0"
1,"1"
1,"1"
1,"1"
1,"0"
1,"1"
1,"1"
1,"0"
2,"1"
1,"1"
1,"0"
1,"0"
1,"2"
1,"1"
1,"1"
1,"2"
1,"2"
1,"0"
1,"0"
1,"1"
1,"0"
1,"3"
1,"1"
1,"1"
1,"3"
1,"1"
1,"2"
1,"1"
1,"1"
1,"0"
1,"1"
1,"1"
1,"0"
1,"1"
1,"0"
1,"1"
1,"0"
1,"1"
1,"1"
1,"2"
22,"0"
1,"2"
1,"1"
1,"1"
1,"1"
1,"1"
1,"1"
1,"1"
1,"1"
1,"3"
1,"0"
2,"0"
1,"1"
1,"1"
1,"2"
2,"1"
1,"1"
1,"1"
1,"0"
1,"2"
1,"1"
1,"1"
1,"1"
1,"1"
1,"1"
1,"0"
1,"1"
1,"0"
1,"1"
1,"0"
2,"1"
1,"0"
1,"1"
2,"0"
1,"1"
1,"2"
2,"0"
1,"1"
1,"0"
1,"1"
1,"0"
1,"2"
1,"1"
1,"1"
1,"1"
1,"0"
1,"1"
1,"1"
1,"0"
1,"0"
1,"1"
1,"0"
1,"0"
1,"1"
1,"1"
1,"3"
1,"0"
1,"1"
1,"0"
1,"1"
1,"0"
1,"1"
1,"1"
1,"2"
3,"0"
1,"0"
1,"6"
1,"0"
1,"0"
1,"1"
1,"1"
1,"0"
1,"1"
2,"0"
1,"1"
3,"0"
2,"0"
1,"0"
1,"0"
1,"2"
1,"0"
1,"2"
1,"1"
1,"0"
1,"2"
1,"1"
1,"3"
2,"1"
1,"2"
1,"1"
1,"0"
1,"2"
1,"1"
1,"2"
1,"1"
1,"1"
1,"1"
1,"1"
1,"0"
1,"1"
1,"1"
1,"0"
1,"1"
1,"2"
1,"1"
1,"1"
2,"0"
1,"1"
1,"1"
1,"1"
1,"1"
1,"0"
1,"3"
1,"1"
1,"1"
1,"1"
1,"2"
1,"1"
1,"1"
1,"0"
1,"1"
1,"1"
1,"1"
1,"0"
1,"0"
1,"2"
2,"2"
1,"1"
1,"1"
1,"1"
13,"0"
1,"1"
2,"2"
1,"4"
1,"1"
1,"0"
1,"0"
1,"0"
1,"1"
1,"0"
1,"0"
1,"1"
1,"1"
1,"1"
1,"1"
1,"4"
1,"1"
1,"4"
1,"1"
1,"0"
1,"1"
1,"1"
1,"1"
2,"0"
1,"1"
1,"1"
1,"1"
1,"1"
1,"1"
1,"1"
1,"1"
1,"1"
1,"3"
1,"1"
1,"2"
1,"2"
1,"1"
1,"1"
1,"0"
1,"1"
1,"0"
1,"1"
1,"0"
1,"1"
2,"0"
1,"1"
1,"1"
1,"1"
1,"1"
1,"1"
1,"0"
1,"1"
1,"2"
1,"1"
1,"1"
1,"0"
2,"2"
1,"1"
1,"0"
2,"1"
1,"0"
1,"1"
1,"1"
1,"1"
1,"0"
1,"1"
1,"1"
1,"2"
1,"1"
1,"0"
1,"1"
1,"4"
1,"0"
1,"0"
1,"0"
2,"1"
1,"1"
1,"2"
1,"1"
1,"1"
1,"0"
1,"0"
1,"0"
1,"1"
1,"3"
1,"0"
1,"1"
1,"0"
1,"1"
1,"0"
1,"1"
1,"1"
1,"1"
1,"1"
1,"1"
1,"0"
1,"1"
1,"0"
1,"1"
1,"1"
1,"2"
1,"1"
1,"0"
1,"1"
1,"1"
1,"1"
1,"0"
1,"0"
1,"1"
1,"0"
1,"1"
1,"0"
1,"1"
1,"1"
2,"0"
1,"3"
1,"1"
1,"1"
1,"1"
1,"1"
1,"0"
1,"3"
1,"1"
1,"0"
1,"1"
1,"1"
1,"1"
1,"0"
1,"1"
1,"0"
1,"1"
1,"1"
1,"1"
1,"0"
1,"3"
1,"1"
1,"1"
1,"1"
1,"0"
1,"0"
1,"0"
1,"0"
1,"1"
1,"1"
1,"1"
1,"1"
1,"1"
1,"0"
1,"0"
1,"0"
3,"0"
1,"1"
1,"3"
1,"2"
1,"0"
1,"0"
1,"2"
1,"0"
1,"1"
2,"2"
1,"0"
1,"0"
2,"1"
1,"1"
1,"0"
1,"1"
1,"1"
1,"0"
1,"1"
1,"0"
1,"0"
1,"0"
1,"0"
1,"0"
1,"1"
1,"0"
1,"0"
2,"0"
1,"3"
1,"1"
1,"1"
1,"1"
2,"0"
1,"0"
1,"2"
1,"0"
1,"0"
1,"1"
1,"1"
1,"2"
1,"1"
1,"2"
1,"1"
1,"1"
2,"1"
1,"0"
1,"1"
1,"2"
1,"0"
1,"0"
1,"1"
1,"0"
1,"0"
1,"1"
1,"0"
1,"0"
1,"1"
1,"0"
7,"0"
1,"0"
1,"1"
1,"0"
1,"2"
1,"0"
1,"1"
2,"0"
1,"0"
1,"0"
1,"1"
1,"2"
1,"1"
1,"0"
1,"0"
1,"1"
1,"0"
1,"1"
1,"1"
2,"0"
1,"0"
1,"0"
1,"0"
1,"0"
1,"0"
1,"1"
1,"1"
1,"2"
1,"1"
1,"2"
1,"0"
1,"1"
1,"0"
1,"1"
1,"2"
1,"1"
1,"1"
1,"0"
1,"1"
1,"1"
1,"1"
1,"1"
1,"1"
1,"2"
1,"1"
1,"1"
1,"1"
1,"1"
1,"1"
1,"1"
1,"1"
1,"1"
1,"1"
1,"1"
1,"1"
1,"2"
1,"0"
1,"1"
1,"0"
1,"1"
1,"1"
1,"0"
1,"1"
1,"1"
1,"0"
1,"0"
1,"0"
1,"0"
17,"0"
2,"0"
1,"0"
1,"1"
1,"0"
1,"1"
1,"1"
1,"0"
1,"1"
1,"1"
1,"2"
1,"1"
1,"0"
1,"1"
1,"2"
1,"1"
1,"1"
1,"1"
1,"1"
1,"3"
1,"2"
1,"0"
3,"0"
1,"0"
1,"0"
1,"1"
3,"1"
1,"0"
1,"0"
1,"0"
1,"0"
1,"0"
1,"0"
1,"1"
1,"0"
1,"0"
1,"0"
1,"1"
1,"1"
1,"1"
1,"1"
1,"2"
1,"1"
1,"1"
1,"1"
1,"0"
1,"0"
1,"0"
1,"0"
1,"1"
1,"0"
1,"0"
2,"1"
1,"0"
1,"3"
1,"1"
1,"0"
1,"0"
1,"1"
1,"0"
1,"0"
1,"1"
1,"1"
1,"1"
1,"0"
1,"0"
1,"0"
1,"0"
1,"0"
1,"0"
1,"0"
25,"0"
1,"1"
1,"0"
1,"0"
1,"1"
1,"1"
1,"0"
6,"1"
1,"0"
1,"0"
2,"0"
1,"0"
1,"0"
1,"1"
1,"0"
1,"0"
1,"0"
1,"1"
1,"0"
1,"0"
1,"1"
1,"1"
1,"0"
1,"0"
1,"0"
1,"1"
1,"0"
1,"0"
1,"1"
1,"0"
1,"0"
6,"0"
1,"0"
1,"0"
1,"0"
1,"1"
1,"0"
6,"0"
1,"0"
1,"3"
1,"0"
1,"1"
1,"2"
1,"1"
1,"2"
1,"1"
1,"0"
1,"0"
2,"2"
1,"0"
1,"2"
1,"1"
7,"0"
1,"1"
1,"0"
2,"0"
1,"0"
1,"1"
2,"0"
1,"0"
1,"0"
1,"1"
1,"0"
1,"0"
1,"0"
1,"1"
1,"0"
1,"1"
1,"0"
3,"0"
1,"1"
1,"1"
1,"0"
1,"0"
1,"0"
1,"1"
1,"1"
1,"0"
8,"0"
1,"0"
1,"0"
1,"0"
1,"0"
1,"0"
1,"1"
1,"1"
1,"1"
1,"3"
1,"3"
1,"0"
3,"0"
1,"0"
1,"0"
1,"0"
1,"1"
1,"1"
1,"1"
3,"1"
1,"1"
50,"0"
1,"1"
1,"1"
1,"1"
1,"1"
1,"0"
1,"1"
1,"1"
1,"1"
9,"0"
14,"0"
1,"1"
1,"0"
1,"1"
1,"1"
1,"1"
1,"0"
1,"0"
1,"0"
1,"1"
1,"1"
1,"1"
1,"1"
1,"1"
1,"1"
1,"0"
1,"0"
1,"0"
1,"1"
1,"1"
1,"0"
1,"1"
1,"0"
10,"0"
1,"1"
1,"1"
1,"0"
1,"0"
1,"0"
1,"1"
1,"1"
1,"1"
1,"0"
1,"0"
1,"1"
1,"0"
1,"1"
1,"0"
1,"0"
2,"2"
1,"0"
1,"1"
2,"0"
1,"1"
1,"1"
1,"1"
1,"0"
1,"1"
1,"1"
1,"2"
1,"1"
1,"1"
1,"1"
1,"1"
1,"2"
1,"0"
1,"1"
1,"1"
1,"1"
1,"1"
1,"1"
1,"1"
37,"0"
1,"0"
1,"1"
1,"1"
2,"1"
1,"1"
1,"2"
1,"1"
1,"2"
1,"1"
1,"0"
1,"2"
1,"0"
1,"2"
1,"2"
1,"0"
1,"2"
1,"1"
1,"1"
1,"1"
1,"1"
2,"0"
1,"1"
1,"1"
1,"1"
1,"0"
1,"1"
1,"0"
1,"1"
1,"1"
1,"1"
1,"1"
1,"1"
1,"1"
1,"1"
1,"1"
1,"1"
1,"1"
1,"1"
1,"1"
1,"2"
1,"1"
3,"0"
1,"1"
1,"2"
1,"0"
1,"2"
1,"1"
1,"1"
1,"1"
1,"2"
1,"1"
2,"1"
1,"1"
1,"1"
1,"1"
1,"0"
1,"1"
1,"1"
1,"1"
1,"2"
1,"0"
1,"0"
1,"1"
1,"2"
1,"0"
1,"1"
5,"0"
1,"1"
1,"0"
1,"1"
1,"1"
1,"1"
1,"1"
1,"0"
1,"1"
1,"1"
1,"1"
1,"1"
1,"0"
1,"1"
1,"2"
1,"0"
2,"0"
1,"0"
1,"1"
2,"0"
5,"0"
1,"0"
1,"1"
1,"0"
1,"1"
1,"1"
1,"0"
2,"0"
1,"1"
1,"1"
1,"1"
1,"0"
1,"0"
1,"0"
1,"2"
1,"1"
1,"0"
1,"1"
1,"2"
1,"0"
1,"1"
1,"0"
1,"1"
1,"1"
1,"1"
1,"0"
1,"0"
1,"0"
1,"1"
1,"0"
1,"1"
1,"1"
1,"2"
5,"0"
1,"1"
1,"0"
1,"2"
2,"0"
1,"0"
1,"3"
1,"2"
1,"0"
1,"1"
1,"2"
1,"1"
2,"0"
1,"1"
1,"3"
1,"0"
1,"1"
1,"0"
1,"0"
1,"0"
1,"1"
1,"0"
1,"2"
1,"0"
1,"1"
1,"0"
1,"1"
1,"4"
1,"1"
1,"2"
1,"2"
1,"0"
1,"0"
2,"0"
1,"1"
1,"0"
1,"2"
1,"1"
1,"0"
1,"1"
1,"1"
1,"0"
1,"0"
1,"1"
1,"3"
1,"0"
1,"1"
1,"1"
1,"0"
1,"1"
1,"1"
1,"0"
1,"0"
1,"1"
1,"0"
1,"1"
1,"1"
1,"1"
1,"0"
2,"2"
1,"1"
1,"3"
1,"1"
1,"1"
1,"1"
1,"1"
1,"0"
1,"1"
1,"1"
2,"1"
1,"1"
1,"3"
1,"1"
1,"1"
1,"2"
1,"1"
1,"1"
1,"0"
1,"1"
1,"1"
1,"1"
1,"1"
1,"1"
1,"1"
1,"1"
1,"1"
1,"1"
1,"1"
1,"3"
1,"1"
1,"3"
1,"1"
1,"1"
1,"1"
1,"1"
1,"1"
1,"0"
1,"1"
1,"0"
1,"5"
1,"0"
1,"1"
1,"1"
1,"1"
1,"1"
1,"1"
1,"1"
1,"1"
1,"1"
1,"0"
1,"1"
1,"1"
1,"1"
1,"1"
1,"1"
1,"0"
1,"0"
1,"1"
1,"0"
1,"1"
1,"2"
1,"1"
1,"0"
1,"0"
1,"0"
1,"0"
2,"1"
1,"1"
1,"1"
1,"1"
1,"1"
1,"0"
13,"0"
1,"1"
1,"0"
1,"1"
1,"0"
1,"1"
1,"0"
1,"1"
1,"1"
1,"0"
1,"1"
1,"1"
1,"1"
1,"0"
1,"1"
1,"1"
1,"1"
1,"0"
1,"0"
1,"1"
1,"1"
1,"2"
1,"0"
2,"0"
1,"1"
1,"2"
1,"0"
1,"1"
1,"0"
1,"0"
1,"0"
1,"0"
1,"0"
1,"0"
1,"0"
1,"0"
1,"0"
1,"1"
1,"1"
1,"1"
1,"0"
2,"0"
1,"0"
1,"1"
1,"0"
1,"1"
1,"0"
1,"1"
1,"0"
1,"1"
1,"2"
1,"1"
1,"0"
1,"1"
1,"1"
1,"1"
1,"0"
1,"0"
1,"0"
1,"1"
1,"0"
1,"1"
1,"1"
1,"0"
1,"1"
1,"0"
1,"1"
1,"1"
1,"3"
1,"1"
1,"2"
1,"1"
3,"0"
1,"1"
1,"1"
1,"1"
1,"1"
1,"0"
1,"0"
1,"0"
1,"0"
1,"1"
1,"0"
1,"1"
1,"1"
1,"5"
1,"1"
1,"0"
1,"1"
1,"0"
2,"1"
1,"0"
1,"1"
1,"3"
5,"0"
1,"0"
1,"2"
1,"1"
1,"1"
1,"1"
1,"1"
1,"1"
1,"0"
1,"1"
1,"1"
1,"0"
1,"1"
1,"1"
1,"0"
1,"2"
1,"1"
1,"0"
1,"1"
1,"0"
1,"0"
1,"0"
1,"1"
1,"2"
1,"1"
1,"1"
2,"0"
1,"1"
1,"1"
1,"0"
2,"0"
1,"1"
1,"1"
2,"2"
2,"0"
1,"1"
1,"1"
1,"0"
1,"1"
1,"1"
1,"0"
1,"0"
1,"0"
1,"1"
1,"1"
1,"1"
1,"0"
1,"0"
1,"2"
1,"0"
1,"0"
1,"1"
1,"1"
1,"0"
1,"0"
1,"2"
1,"1"
1,"0"
1,"1"
1,"2"
1,"1"
1,"1"
1,"2"
1,"1"
1,"0"
1,"1"
1,"1"
1,"1"
50,"0"
1,"0"
1,"0"
1,"0"
1,"0"
1,"2"
1,"1"
2,"0"
1,"2"
1,"2"
1,"1"
1,"1"
1,"1"
1,"1"
1,"1"
1,"0"
1,"0"
1,"0"
1,"0"
1,"0"
1,"0"
1,"0"
1,"3"
1,"0"
1,"1"
1,"1"
1,"2"
1,"1"
1,"1"
1,"1"
1,"0"
1,"0"
1,"1"
1,"1"
1,"1"
1,"1"
1,"1"
1,"0"
1,"1"
1,"1"
1,"0"
1,"1"
1,"1"
1,"1"
1,"2"
1,"0"
1,"1"
1,"1"
1,"1"
1,"1"
1,"0"
1,"0"
1,"2"
1,"0"
1,"1"
1,"1"
1,"0"
1,"1"
1,"3"
1,"0"
1,"0"
1,"0"
1,"1"
1,"1"
1,"0"
1,"1"
1,"1"
1,"1"
1,"0"
1,"1"
1,"0"
1,"1"
1,"2"
1,"1"
1,"1"
1,"2"
1,"1"
1,"1"
1,"0"
1,"1"
1,"1"
1,"0"
1,"0"
1,"1"
1,"1"
1,"1"
1,"2"
1,"3"
1,"1"
1,"0"
1,"1"
1,"0"
1,"0"
1,"0"
1,"1"
1,"1"
1,"1"
1,"0"
1,"1"
1,"1"
1,"0"
1,"1"
1,"0"
1,"1"
1,"0"
1,"1"
1,"2"
1,"2"
2,"0"
1,"1"
1,"0"
1,"1"
1,"1"
1,"0"
1,"0"
1,"0"
1,"0"
1,"2"
1,"0"
2,"0"
1,"1"
1,"1"
1,"0"
1,"1"
1,"1"
1,"0"
1,"1"
1,"1"
1,"1"
1,"1"
1,"2"
1,"1"
1,"1"
1,"0"
1,"2"
1,"1"
1,"0"
1,"1"
1,"0"
1,"1"
1,"0"
1,"1"
1,"0"
1,"1"
1,"1"
1,"0"
1,"1"
1,"0"
1,"0"
2,"0"
1,"1"
1,"1"
1,"0"
1,"1"
1,"1"
1,"0"
1,"0"
1,"1"
1,"0"
1,"1"
1,"1"
1,"1"
1,"1"
1,"1"
1,"1"
1,"1"
1,"1"
1,"2"
1,"2"
1,"4"
1,"1"
1,"0"
1,"5"
1,"0"
1,"1"
1,"1"
2,"0"
1,"1"
1,"1"
1,"1"
1,"1"
1,"1"
2,"0"
1,"0"
1,"2"
1,"0"
1,"0"
1,"1"
1,"1"
1,"1"
1,"1"
1,"0"
1,"1"
1,"0"
1,"2"
1,"0"
1,"1"
2,"0"
1,"0"
1,"1"
1,"3"
1,"1"
1,"1"
1,"0"
1,"0"
1,"0"
1,"1"
1,"1"
2,"0"
1,"1"
1,"1"
1,"1"
1,"0"
1,"1"
1,"1"
1,"1"
4,"0"
1,"1"
1,"1"
1,"1"
1,"1"
1,"1"
1,"1"
1,"1"
1,"0"
1,"3"
1,"1"
1,"1"
1,"1"
1,"1"
2,"0"
1,"1"
1,"1"
1,"0"
1,"1"
1,"0"
1,"0"
1,"1"
2,"0"
1,"0"
1,"0"
1,"3"
1,"1"
4,"0"
1,"0"
1,"0"
1,"0"
1,"1"
1,"1"
1,"1"
1,"1"
1,"2"
2,"1"
1,"0"
1,"0"
1,"0"
2,"1"
1,"0"
1,"1"
1,"1"
1,"2"
1,"0"
1,"1"
3,"0"
1,"1"
1,"1"
1,"1"
1,"2"
2,"0"
1,"0"
1,"0"
1,"1"
13,"0"
1,"0"
1,"0"
1,"1"
1,"1"
1,"1"
1,"0"
1,"1"
1,"0"
1,"0"
1,"0"
1,"0"
1,"1"
1,"3"
1,"0"
1,"1"
1,"1"
1,"1"
1,"2"
1,"0"
1,"1"
2,"1"
1,"0"
1,"1"
1,"0"
1,"1"
1,"0"
1,"0"
1,"1"
1,"1"
1,"1"
1,"1"
1,"1"
1,"1"
1,"1"
1,"3"
1,"0"
1,"1"
1,"2"
1,"1"
1,"0"
1,"0"
1,"3"
1,"0"
1,"1"
1,"1"
1,"0"
1,"1"
1,"0"
1,"1"
1,"1"
1,"0"
1,"5"
1,"1"
1,"2"
1,"1"
1,"1"
1,"3"
1,"1"
1,"0"
1,"0"
1,"1"
1,"1"
1,"1"
1,"0"
1,"0"
1,"1"
1,"1"
1,"0"
1,"1"
1,"1"
1,"1"
1,"0"
1,"0"
1,"1"
1,"0"
1,"0"
1,"0"
1,"1"
1,"1"
1,"0"
1,"0"
1,"1"
1,"1"
1,"0"
1,"0"
2,"1"
1,"1"
1,"1"
1,"1"
1,"1"
1,"0"
1,"0"
1,"0"
1,"0"
1,"1"
1,"1"
1,"0"
1,"0"
1,"2"
1,"1"
1,"3"
1,"1"
1,"1"
1,"1"
1,"1"
1,"1"
3,"0"
1,"1"
1,"1"
1,"0"
1,"1"
1,"1"
1,"0"
1,"0"
1,"0"
1,"0"
1,"1"
1,"0"
1,"0"
1,"0"
1,"1"
1,"1"
1,"1"
1,"0"
1,"0"
1,"1"
2,"2"
1,"1"
1,"0"
1,"0"
1,"1"
2,"0"
1,"0"
1,"0"
1,"1"
1,"0"
1,"0"
1,"0"
1,"1"
1,"1"
1,"1"
1,"1"
1,"1"
1,"0"
1,"1"
1,"1"
1,"1"
1,"0"
1,"2"
1,"1"
1,"0"
1,"1"
1,"0"
1,"0"
1,"0"
1,"2"
1,"2"
1,"0"
1,"1"
1,"0"
1,"1"
1,"1"
1,"1"
1,"0"
1,"0"
1,"1"
1,"1"
1,"0"
1,"0"
2,"0"
1,"2"
1,"1"
1,"1"
34,"0"
3,"0"
1,"0"
1,"0"
1,"1"
1,"1"
1,"2"
1,"2"
1,"1"
1,"1"
1,"1"
1,"1"
1,"0"
1,"0"
3,"0"
1,"1"
13,"0"
1,"1"
1,"1"
1,"1"
1,"2"
1,"1"
1,"1"
1,"1"
1,"0"
1,"0"
1,"1"
1,"1"
1,"0"
1,"1"
1,"0"
1,"1"
1,"0"
1,"1"
1,"1"
NA,"0"
1,"0"
1,"1"
1,"1"
1,"1"
1,"1"
1,"1"
1,"0"
1,"0"
3,"0"
1,"1"
1,"0"
1,"1"
1,"0"
1,"0"
1,"0"
1,"1"
1,"5"
1,"1"
1,"1"
1,"1"
11,"0"
1,"0"
1,"1"
1,"1"
1,"0"
1,"1"
1,"0"
1,"1"
1,"0"
1,"1"
1,"1"
1,"0"
1,"0"
1,"1"
1,"0"
1,"1"
1,"0"
1,"0"
1,"1"
1,"1"
1,"1"
1,"0"
1,"1"
1,"0"
1,"1"
1,"1"
1,"1"
1,"4"
1,"0"
1,"0"
1,"0"
1,"1"
1,"2"
23,"0"
1,"0"
1,"1"
40,"0"
1,"0"
1,"1"
1,"2"
1,"0"
1,"2"
1,"0"
1,"0"
1,"1"
1,"0"
1,"0"
1,"0"
1,"0"
1,"1"
1,"3"
1,"3"
1,"0"
1,"0"
1,"0"
1,"0"
1,"1"
1,"0"
1,"0"
1,"0"
1,"0"
1,"0"
1,"0"
1,"1"
1,"0"
2,"0"
1,"1"
1,"3"
1,"1"
1,"0"
1,"1"
1,"1"
1,"0"
1,"1"
1,"1"
1,"0"
2,"0"
1,"1"
1,"1"
1,"1"
1,"1"
1,"1"
1,"0"
1,"1"
1,"1"
1,"1"
1,"0"
1,"2"
1,"1"
1,"2"
1,"0"
1,"1"
1,"0"
1,"0"
1,"0"
1,"0"
1,"1"
6,"0"
1,"1"
1,"2"
1,"1"
1,"2"
2,"0"
1,"1"
1,"0"
1,"1"
1,"0"
1,"1"
1,"1"
1,"0"
1,"2"
1,"0"
2,"1"
1,"1"
1,"0"
1,"1"
1,"1"
1,"3"
1,"0"
1,"0"
1,"1"
1,"0"
1,"1"
1,"1"
1,"0"
1,"0"
1,"0"
1,"0"
1,"0"
1,"1"
1,"1"
1,"0"
1,"1"
2,"0"
1,"1"
1,"1"
1,"1"
1,"0"
1,"1"
1,"1"
1,"2"
1,"1"
1,"1"
1,"0"
1,"0"
1,"1"
1,"0"
1,"1"
1,"1"
1,"2"
1,"1"
1,"1"
1,"0"
1,"1"
1,"1"
1,"0"
1,"1"
1,"0"
1,"0"
1,"3"
1,"0"
1,"2"
1,"1"
1,"1"
1,"1"
1,"1"
1,"4"
1,"0"
2,"0"
1,"0"
1,"1"
1,"0"
1,"0"
2,"0"
1,"1"
1,"0"
1,"1"
1,"1"
1,"0"
1,"0"
1,"0"
1,"0"
1,"1"
2,"0"
1,"2"
1,"1"
1,"1"
1,"0"
1,"0"
1,"0"
1,"0"
1,"0"
1,"1"
1,"1"
3,"0"
1,"0"
1,"0"
1,"1"
1,"0"
1,"1"
6,"0"
2,"0"
1,"1"
1,"0"
1,"1"
1,"1"
1,"0"
1,"2"
1,"0"
1,"2"
1,"0"
1,"0"
1,"0"
1,"0"
6,"0"
1,"0"
3,"1"
1,"1"
1,"0"
1,"0"
6,"0"
1,"1"
1,"1"
1,"0"
1,"0"
1,"1"
1,"1"
1,"0"
1,"1"
1,"4"
1,"0"
1,"1"
1,"1"
1,"1"
1,"2"
1,"0"
1,"1"
1,"0"
1,"1"
1,"1"
1,"0"
1,"0"
1,"0"
1,"0"
1,"1"
1,"1"
1,"1"
1,"1"
1,"0"
1,"1"
1,"0"
1,"1"
1,"1"
1,"0"
13,"0"
1,"0"
1,"0"
1,"0"
1,"0"
1,"0"
1,"0"
1,"1"
2,"0"
1,"1"
1,"0"
1,"0"
1,"1"
1,"1"
1,"1"
1,"0"
1,"1"
1,"0"
1,"1"
1,"1"
1,"1"
2,"3"
1,"0"
1,"2"
1,"1"
1,"0"
1,"0"
1,"1"
1,"1"
1,"0"
1,"1"
1,"0"
1,"1"
1,"2"
1,"1"
1,"1"
1,"1"
1,"1"
1,"1"
1,"1"
1,"1"
1,"0"
1,"0"
3,"0"
1,"0"
6,"0"
1,"0"
1,"0"
1,"2"
1,"1"
1,"1"
1,"0"
1,"1"
1,"1"
1,"2"
1,"0"
1,"1"
1,"0"
1,"0"
1,"1"
1,"1"
1,"0"
1,"0"
1,"0"
2,"0"
1,"0"
1,"0"
1,"2"
1,"1"
1,"0"
1,"0"
1,"0"
1,"1"
1,"0"
1,"0"
1,"1"
1,"0"
1,"1"
1,"0"
5,"0"
2,"0"
2,"0"
15,"0"
1,"0"
2,"0"
1,"2"
1,"0"
1,"1"
1,"0"
1,"1"
1,"2"
1,"1"
1,"0"
1,"1"
1,"1"
1,"1"
1,"1"
1,"2"
1,"1"
1,"1"
1,"1"
1,"2"
1,"0"
1,"0"
1,"2"
1,"0"
1,"1"
1,"0"
1,"1"
1,"1"
2,"0"
1,"0"
4,"0"
1,"2"
1,"1"
1,"0"
1,"2"
1,"1"
1,"1"
1,"0"
1,"0"
1,"1"
1,"0"
1,"0"
1,"0"
1,"0"
1,"0"
1,"0"
1,"1"
1,"1"
1,"1"
1,"1"
2,"0"
1,"2"
1,"1"
1,"1"
1,"0"
1,"0"
1,"1"
1,"0"
1,"2"
1,"1"
2,"0"
1,"2"
1,"0"
1,"0"
3,"0"
1,"0"
2,"0"
2,"0"
1,"1"
4,"0"
14,"0"
1,"0"
1,"0"
1,"1"
1,"1"
1,"0"
1,"0"
1,"0"
1,"0"
2,"0"
2,"0"
1,"2"
1,"0"
1,"0"
1,"0"
1,"1"
1,"0"
1,"0"
1,"0"
1,"0"
1,"0"
1,"0"
1,"0"
1,"2"
1,"0"
1,"0"
1,"1"
1,"1"
1,"1"
1,"1"
1,"0"
1,"0"
1,"1"
1,"0"
1,"1"
1,"1"
1,"2"
1,"1"
1,"2"
1,"0"
1,"1"
1,"1"
1,"2"
1,"1"
2,"0"
1,"1"
1,"0"
1,"0"
1,"0"
1,"1"
2,"0"
1,"0"
1,"1"
1,"0"
1,"3"
1,"1"
1,"0"
1,"1"
1,"1"
1,"0"
1,"0"
1,"0"
1,"1"
1,"2"
1,"1"
1,"1"
1,"0"
1,"0"
1,"0"
1,"1"
1,"0"
1,"1"
1,"1"
1,"0"
2,"0"
1,"1"
1,"1"
1,"1"
1,"1"
1,"1"
1,"2"
1,"0"
1,"1"
1,"1"
1,"0"
1,"1"
1,"0"
1,"1"
1,"0"
1,"2"
1,"0"
1,"1"
1,"0"
1,"1"
1,"1"
1,"1"
1,"1"
1,"1"
1,"0"
3,"1"
1,"1"
1,"1"
2,"1"
1,"2"
1,"1"
1,"0"
1,"1"
1,"2"
1,"0"
1,"1"
1,"1"
1,"1"
1,"0"
1,"0"
1,"1"
1,"0"
1,"0"
1,"1"
1,"1"
1,"0"
1,"0"
1,"1"
1,"1"
1,"1"
1,"0"
1,"1"
1,"1"
3,"1"
1,"1"
2,"1"
1,"1"
1,"1"
6,"0"
1,"1"
1,"0"
1,"0"
1,"1"
1,"1"
1,"1"
1,"1"
1,"1"
1,"1"
1,"1"
1,"1"
1,"1"
1,"0"
1,"1"
1,"1"
3,"2"
1,"1"
1,"1"
1,"0"
1,"1"
1,"1"
1,"2"
1,"0"
1,"1"
1,"1"
1,"1"
1,"2"
1,"1"
1,"0"
1,"0"
1,"0"
1,"0"
1,"1"
1,"1"
1,"1"
1,"1"
1,"1"
1,"1"
1,"1"
1,"2"
1,"1"
1,"1"
1,"1"
1,"1"
1,"1"
1,"1"
1,"1"
1,"1"
1,"1"
1,"1"
1,"0"
1,"1"
1,"3"
1,"0"
2,"0"
1,"2"
1,"0"
1,"1"
1,"0"
1,"0"
1,"2"
1,"0"
1,"0"
1,"1"
1,"1"
1,"0"
1,"1"
1,"0"
2,"2"
1,"2"
1,"0"
1,"1"
1,"3"
1,"0"
1,"0"
1,"1"
1,"1"
1,"0"
1,"1"
1,"0"
1,"1"
1,"0"
1,"1"
1,"1"
1,"1"
1,"0"
1,"1"
1,"0"
1,"1"
1,"1"
1,"0"
1,"0"
1,"0"
1,"0"
1,"2"
1,"3"
1,"1"
1,"1"
1,"0"
1,"1"
1,"2"
1,"0"
1,"0"
1,"1"
1,"1"
2,"1"
1,"0"
1,"1"
1,"1"
1,"0"
1,"2"
1,"1"
1,"0"
1,"0"
1,"1"
1,"2"
1,"0"
1,"0"
1,"0"
1,"1"
1,"0"
1,"1"
1,"1"
1,"1"
1,"2"
1,"2"
1,"1"
1,"0"
3,"0"
1,"1"
1,"2"
1,"1"
1,"2"
1,"1"
1,"1"
1,"1"
1,"1"
1,"1"
1,"1"
1,"0"
1,"0"
1,"1"
1,"1"
1,"1"
1,"4"
1,"0"
1,"1"
1,"1"
1,"0"
1,"2"
1,"0"
1,"1"
1,"1"
1,"0"
1,"1"
1,"1"
1,"2"
1,"1"
1,"0"
1,"1"
1,"1"
1,"1"
1,"1"
1,"1"
1,"1"
1,"1"
1,"1"
1,"1"
1,"1"
1,"1"
1,"0"
1,"1"
1,"0"
1,"0"
1,"1"
1,"1"
1,"0"
1,"0"
1,"1"
1,"1"
1,"0"
1,"1"
1,"2"
1,"1"
1,"3"
1,"0"
1,"0"
1,"1"
1,"0"
1,"1"
1,"1"
1,"1"
1,"0"
1,"0"
2,"0"
1,"0"
1,"1"
1,"1"
1,"1"
1,"0"
1,"0"
1,"1"
1,"0"
1,"0"
1,"2"
1,"0"
1,"1"
1,"1"
1,"1"
1,"1"
1,"0"
1,"0"
1,"0"
1,"0"
1,"1"
1,"0"
1,"2"
2,"0"
1,"1"
1,"1"
1,"0"
2,"0"
1,"0"
1,"1"
1,"1"
1,"1"
1,"1"
1,"1"
1,"1"
1,"0"
1,"2"
3,"0"
1,"0"
1,"0"
1,"0"
1,"1"
1,"1"
1,"1"
1,"0"
1,"0"
1,"0"
1,"1"
1,"4"
1,"0"
1,"0"
1,"1"
1,"2"
1,"2"
1,"0"
1,"0"
1,"0"
1,"0"
1,"1"
1,"1"
1,"0"
1,"1"
1,"1"
1,"2"
1,"0"
1,"1"
1,"2"
1,"1"
1,"0"
1,"1"
1,"1"
2,"0"
1,"1"
1,"1"
1,"1"
1,"3"
1,"1"
1,"1"
1,"0"
1,"1"
1,"1"
1,"3"
1,"0"
1,"2"
1,"2"
1,"1"
1,"0"
1,"0"
1,"0"
1,"1"
1,"0"
1,"1"
1,"1"
1,"1"
1,"1"
1,"1"
1,"0"
1,"1"
1,"1"
1,"2"
1,"1"
1,"1"
1,"0"
1,"0"
1,"1"
1,"1"
1,"0"
1,"0"
1,"1"
1,"1"
1,"1"
1,"0"
1,"0"
1,"0"
1,"0"
1,"1"
2,"0"
1,"1"
1,"0"
1,"2"
1,"1"
1,"0"
1,"1"
1,"1"
1,"1"
1,"1"
1,"1"
1,"3"
1,"1"
3,"2"
1,"1"
1,"1"
1,"1"
1,"1"
1,"1"
3,"0"
1,"1"
1,"1"
1,"1"
1,"0"
1,"1"
1,"1"
1,"0"
1,"1"
1,"1"
1,"0"
1,"1"
1,"0"
1,"1"
1,"2"
3,"0"
3,"0"
1,"0"
1,"1"
1,"1"
1,"3"
1,"1"
1,"0"
2,"0"
1,"0"
2,"4"
1,"1"
1,"1"
1,"0"
1,"3"
1,"1"
1,"1"
1,"0"
1,"1"
1,"1"
1,"1"
1,"2"
1,"1"
1,"2"
1,"1"
1,"0"
1,"1"
1,"0"
1,"1"
1,"2"
1,"0"
1,"2"
1,"1"
1,"3"
1,"0"
1,"0"
1,"1"
1,"0"
1,"0"
1,"1"
1,"1"
1,"1"
1,"1"
1,"0"
1,"0"
1,"2"
1,"1"
1,"1"
1,"1"
1,"1"
1,"1"
1,"2"
1,"1"
1,"1"
1,"0"
1,"1"
1,"1"
1,"0"
1,"1"
1,"0"
1,"2"
1,"1"
1,"1"
1,"1"
1,"1"
1,"0"
1,"0"
1,"0"
1,"1"
1,"1"
1,"1"
2,"1"
1,"2"
1,"0"
1,"0"
1,"0"
1,"1"
3,"0"
1,"1"
1,"2"
1,"1"
1,"1"
1,"1"
1,"0"
1,"1"
1,"1"
1,"1"
1,"0"
1,"2"
1,"1"
1,"0"
1,"0"
40,"0"
1,"2"
1,"1"
1,"0"
2,"3"
1,"0"
1,"1"
1,"1"
1,"1"
1,"2"
1,"2"
1,"1"
1,"1"
17,"0"
1,"2"
1,"1"
1,"1"
1,"1"
1,"1"
1,"1"
1,"0"
1,"1"
1,"1"
1,"0"
2,"1"
1,"0"
1,"1"
1,"0"
1,"0"
1,"1"
1,"2"
1,"0"
1,"0"
1,"1"
1,"1"
1,"0"
1,"1"
1,"0"
1,"0"
1,"0"
1,"0"
1,"0"
1,"3"
1,"0"
1,"2"
1,"1"
1,"0"
1,"0"
1,"0"
1,"0"
1,"1"
1,"2"
1,"1"
2,"1"
1,"0"
1,"1"
1,"0"
1,"1"
1,"1"
1,"1"
1,"1"
1,"0"
1,"1"
1,"0"
1,"2"
1,"0"
1,"1"
1,"1"
2,"3"
1,"0"
1,"1"
1,"1"
1,"1"
1,"0"
1,"0"
1,"1"
1,"0"
1,"1"
1,"4"
1,"1"
1,"1"
1,"1"
1,"2"
1,"0"
1,"1"
1,"0"
1,"2"
1,"0"
1,"0"
1,"1"
1,"0"
1,"0"
1,"1"
1,"0"
1,"2"
1,"0"
2,"0"
1,"0"
1,"0"
13,"0"
1,"1"
1,"2"
1,"2"
1,"0"
1,"0"
1,"1"
1,"1"
1,"1"
1,"1"
1,"1"
1,"1"
1,"0"
1,"1"
1,"2"
2,"0"
1,"1"
1,"2"
1,"0"
1,"8+"
1,"1"
1,"0"
1,"1"
1,"1"
1,"0"
1,"1"
1,"1"
1,"1"
1,"0"
1,"0"
1,"0"
1,"1"
3,"0"
1,"1"
1,"1"
1,"1"
1,"1"
1,"1"
1,"0"
1,"1"
1,"0"
1,"2"
1,"1"
1,"0"
1,"0"
8,"0"
1,"1"
1,"0"
1,"1"
1,"1"
1,"1"
1,"1"
1,"1"
1,"0"
1,"0"
1,"1"
1,"2"
1,"1"
1,"0"
1,"1"
1,"1"
1,"0"
2,"0"
1,"0"
1,"0"
1,"0"
1,"1"
1,"1"
1,"1"
1,"0"
3,"0"
1,"1"
1,"1"
1,"1"
1,"1"
1,"0"
1,"2"
1,"1"
1,"0"
1,"0"
1,"1"
1,"1"
1,"1"
1,"1"
1,"0"
1,"0"
1,"0"
1,"0"
1,"0"
1,"1"
1,"0"
1,"1"
1,"0"
1,"1"
1,"0"
1,"1"
1,"0"
1,"1"
1,"0"
1,"0"
1,"1"
1,"1"
2,"0"
1,"2"
1,"0"
2,"0"
3,"0"
1,"0"
1,"1"
1,"0"
1,"0"
1,"1"
1,"0"
1,"1"
1,"1"
1,"0"
1,"1"
1,"1"
1,"0"
1,"3"
1,"1"
1,"1"
1,"1"
1,"1"
1,"1"
1,"0"
1,"0"
1,"0"
1,"1"
1,"0"
2,"0"
1,"1"
1,"1"
2,"0"
1,"1"
1,"1"
1,"0"
2,"0"
1,"1"
1,"0"
1,"0"
1,"0"
1,"1"
1,"0"
1,"0"
1,"0"
1,"1"
1,"1"
1,"0"
1,"0"
1,"0"
2,"0"
1,"0"
1,"1"
1,"0"
1,"0"
1,"1"
1,"1"
1,"2"
1,"0"
1,"0"
1,"0"
1,"0"
1,"2"
1,"1"
1,"1"
1,"1"
1,"1"
1,"0"
1,"1"
1,"3"
3,"0"
1,"1"
1,"0"
1,"3"
1,"1"
1,"2"
1,"0"
1,"2"
1,"0"
1,"1"
1,"0"
1,"1"
1,"1"
1,"0"
1,"0"
1,"1"
1,"1"
1,"1"
1,"0"
1,"1"
2,"0"
2,"0"
1,"2"
1,"2"
1,"0"
1,"0"
1,"0"
1,"1"
1,"0"
1,"0"
1,"1"
1,"0"
1,"1"
1,"0"
1,"1"
1,"0"
1,"0"
1,"1"
1,"1"
1,"1"
1,"1"
1,"1"
1,"0"
1,"1"
1,"1"
1,"1"
1,"0"
1,"1"
1,"1"
1,"1"
1,"1"
1,"0"
1,"1"
1,"2"
1,"1"
1,"1"
1,"0"
1,"1"
1,"0"
2,"0"
1,"1"
1,"1"
1,"1"
1,"1"
1,"1"
1,"1"
1,"2"
1,"0"
1,"1"
1,"1"
1,"1"
1,"0"
1,"0"
1,"0"
1,"2"
1,"0"
1,"0"
1,"1"
1,"2"
1,"0"
1,"0"
1,"1"
1,"1"
1,"1"
1,"1"
1,"0"
1,"1"
1,"0"
1,"0"
1,"0"
1,"1"
2,"0"
15,"0"
2,"0"
1,"0"
1,"1"
1,"1"
1,"0"
1,"0"
1,"0"
1,"1"
1,"1"
1,"0"
1,"1"
1,"1"
1,"0"
1,"1"
1,"1"
1,"1"
1,"0"
1,"1"
1,"0"
1,"1"
1,"1"
1,"1"
1,"0"
1,"1"
1,"1"
1,"1"
1,"1"
1,"1"
1,"0"
1,"1"
1,"1"
1,"2"
1,"2"
1,"1"
1,"1"
1,"4"
1,"0"
3,"0"
1,"1"
1,"1"
1,"1"
5,"0"
1,"1"
1,"2"
1,"1"
1,"1"
1,"0"
1,"0"
1,"1"
1,"1"
2,"0"
1,"1"
1,"1"
4,"0"
1,"1"
1,"1"
1,"0"
1,"0"
2,"0"
1,"1"
1,"1"
1,"2"
1,"0"
1,"0"
1,"0"
1,"1"
1,"1"
1,"1"
1,"0"
1,"3"
1,"1"
1,"0"
1,"1"
1,"1"
1,"1"
1,"0"
1,"0"
1,"1"
1,"1"
1,"2"
7,"0"
1,"1"
1,"0"
1,"1"
1,"0"
1,"0"
1,"0"
2,"0"
1,"1"
1,"1"
1,"0"
1,"1"
1,"1"
1,"0"
1,"0"
1,"0"
1,"1"
1,"1"
1,"1"
12,"0"
1,"1"
1,"1"
1,"0"
1,"1"
1,"1"
1,"0"
1,"0"
1,"0"
2,"0"
1,"0"
1,"1"
1,"1"
1,"0"
2,"0"
4,"0"
1,"1"
1,"1"
1,"4"
1,"2"
2,"1"
1,"1"
1,"1"
1,"0"
1,"0"
1,"0"
1,"0"
1,"0"
1,"0"
1,"1"
1,"1"
1,"1"
1,"0"
1,"2"
1,"1"
4,"0"
1,"0"
1,"1"
1,"1"
1,"1"
1,"3"
1,"2"
1,"1"
1,"0"
1,"1"
1,"3"
1,"4"
1,"0"
1,"0"
1,"2"
1,"0"
2,"1"
1,"1"
1,"1"
1,"1"
1,"1"
1,"0"
1,"0"
1,"0"
10,"0"
1,"1"
1,"1"
1,"0"
2,"0"
1,"1"
1,"0"
1,"2"
1,"1"
1,"1"
2,"1"
1,"1"
1,"0"
1,"1"
1,"1"
1,"0"
1,"1"
1,"0"
1,"0"
2,"0"
1,"1"
1,"0"
1,"1"
2,"1"
1,"0"
1,"1"
1,"1"
1,"0"
1,"1"
1,"0"
1,"1"
1,"0"
1,"1"
1,"1"
1,"2"
1,"1"
1,"0"
1,"1"
1,"1"
1,"0"
3,"0"
1,"1"
1,"1"
1,"0"
1,"0"
1,"1"
1,"0"
1,"1"
1,"0"
1,"1"
1,"1"
1,"1"
1,"2"
1,"0"
1,"1"
1,"1"
1,"1"
1,"0"
1,"1"
1,"0"
1,"1"
1,"0"
1,"1"
1,"1"
2,"0"
1,"1"
1,"0"
1,"1"
2,"1"
1,"1"
1,"0"
1,"0"
1,"1"
1,"2"
1,"1"
1,"0"
1,"1"
1,"1"
1,"0"
1,"1"
1,"1"
1,"0"
1,"1"
1,"0"
1,"0"
1,"0"
1,"1"
2,"0"
1,"0"
1,"1"
1,"1"
1,"0"
1,"1"
1,"0"
1,"1"
1,"0"
1,"1"
1,"2"
1,"1"
1,"0"
1,"1"
1,"1"
1,"1"
1,"1"
16,"0"
1,"1"
1,"0"
1,"1"
1,"1"
1,"1"
1,"1"
1,"0"
1,"0"
1,"1"
1,"1"
1,"0"
1,"1"
1,"1"
1,"1"
1,"1"
1,"1"
1,"1"
1,"0"
1,"1"
1,"1"
1,"1"
1,"0"
1,"0"
1,"0"
1,"0"
2,"0"
1,"0"
1,"1"
1,"1"
3,"0"
1,"1"
1,"0"
1,"0"
1,"0"
1,"0"
1,"1"
1,"1"
1,"0"
1,"0"
1,"0"
1,"0"
1,"3"
1,"0"
1,"0"
1,"1"
1,"1"
1,"1"
1,"2"
1,"0"
1,"0"
1,"3"
1,"1"
1,"0"
1,"0"
1,"1"
1,"1"
1,"1"
2,"0"
2,"3"
1,"1"
1,"3"
1,"1"
3,"0"
1,"0"
1,"1"
1,"1"
1,"1"
1,"2"
2,"0"
1,"1"
1,"2"
1,"0"
1,"1"
1,"1"
1,"1"
5,"0"
1,"1"
1,"2"
1,"0"
1,"1"
1,"0"
1,"1"
1,"1"
1,"1"
1,"2"
1,"1"
3,"0"
1,"0"
1,"0"
1,"0"
1,"0"
2,"0"
1,"1"
1,"0"
1,"1"
1,"0"
1,"0"
1,"1"
1,"0"
1,"0"
1,"0"
1,"1"
1,"0"
1,"2"
1,"1"
1,"1"
1,"0"
1,"1"
1,"1"
1,"1"
1,"1"
1,"0"
1,"1"
1,"2"
2,"0"
1,"0"
1,"0"
1,"0"
1,"1"
1,"0"
1,"2"
1,"0"
1,"0"
1,"1"
1,"1"
1,"1"
1,"2"
1,"2"
1,"0"
1,"0"
1,"1"
1,"1"
1,"0"
1,"1"
1,"2"
1,"1"
1,"1"
1,"1"
1,"2"
1,"1"
1,"1"
1,"2"
1,"0"
1,"1"
1,"0"
2,"0"
1,"1"
1,"0"
1,"1"
1,"1"
1,"1"
5,"0"
1,"0"
1,"1"
1,"1"
1,"1"
1,"1"
1,"1"
1,"1"
1,"0"
1,"1"
1,"1"
1,"1"
1,"1"
1,"0"
1,"0"
1,"0"
1,"1"
1,"0"
1,"1"
1,"0"
1,"0"
1,"1"
1,"1"
1,"1"
1,"1"
1,"0"
1,"2"
1,"1"
1,"1"
1,"1"
1,"1"
1,"1"
1,"2"
1,"0"
1,"1"
1,"1"
1,"0"
1,"2"
1,"1"
1,"0"
1,"1"
1,"1"
1,"0"
1,"1"
1,"2"
1,"1"
1,"1"
1,"2"
1,"1"
1,"1"
1,"0"
1,"0"
1,"1"
1,"1"
1,"0"
1,"1"
1,"1"
1,"2"
1,"1"
1,"1"
1,"1"
1,"0"
1,"5"
1,"0"
1,"2"
1,"1"
1,"0"
1,"1"
1,"0"
1,"1"
1,"1"
1,"1"
1,"0"
1,"0"
1,"2"
1,"1"
1,"1"
1,"1"
1,"1"
1,"1"
3,"1"
1,"4"
1,"1"
1,"1"
1,"1"
1,"0"
1,"1"
1,"1"
1,"1"
6,"0"
1,"1"
1,"0"
1,"1"
1,"2"
1,"0"
1,"0"
1,"1"
1,"0"
1,"0"
1,"1"
1,"0"
1,"1"
2,"0"
4,"1"
1,"2"
1,"1"
1,"1"
1,"1"
1,"0"
1,"1"
1,"0"
1,"1"
1,"0"
1,"3"
1,"2"
1,"1"
1,"1"
1,"1"
2,"0"
2,"0"
1,"1"
1,"3"
1,"1"
1,"1"
1,"0"
1,"0"
2,"1"
1,"1"
3,"1"
1,"2"
1,"1"
1,"0"
1,"3"
1,"0"
3,"5"
1,"1"
1,"4"
1,"0"
1,"1"
1,"1"
1,"1"
1,"1"
1,"1"
1,"1"
1,"0"
1,"1"
1,"1"
1,"1"
1,"0"
1,"1"
1,"1"
1,"0"
1,"1"
1,"1"
1,"0"
1,"1"
2,"0"
1,"0"
1,"1"
1,"0"
1,"1"
4,"0"
1,"1"
1,"0"
1,"1"
1,"0"
1,"1"
1,"0"
1,"1"
1,"1"
1,"0"
1,"3"
1,"1"
1,"1"
1,"1"
1,"2"
1,"1"
1,"0"
1,"1"
1,"5"
1,"1"
1,"0"
1,"1"
1,"0"
1,"1"
1,"1"
2,"0"
1,"0"
1,"0"
1,"1"
1,"2"
1,"0"
1,"0"
2,"1"
1,"1"
1,"1"
1,"1"
1,"0"
1,"1"
1,"1"
1,"2"
1,"1"
1,"0"
1,"1"
1,"1"
1,"1"
1,"1"
1,"1"
4,"0"
1,"1"
1,"1"
1,"1"
1,"1"
1,"0"
2,"1"
1,"1"
1,"2"
1,"1"
1,"0"
1,"1"
1,"2"
1,"3"
1,"0"
1,"1"
1,"1"
1,"2"
1,"0"
1,"1"
1,"0"
1,"0"
1,"0"
1,"0"
1,"0"
1,"0"
1,"1"
1,"1"
1,"0"
1,"0"
1,"1"
1,"1"
4,"0"
1,"0"
1,"1"
1,"0"
1,"0"
1,"0"
1,"0"
1,"1"
1,"0"
1,"0"
1,"0"
1,"0"
1,"2"
2,"0"
1,"1"
1,"1"
1,"2"
1,"0"
1,"0"
1,"2"
1,"0"
1,"1"
1,"2"
1,"1"
1,"1"
1,"3"
1,"1"
1,"3"
1,"0"
1,"0"
1,"1"
1,"1"
1,"1"
1,"1"
1,"0"
1,"1"
1,"2"
1,"1"
1,"1"
1,"2"
1,"1"
1,"0"
1,"0"
1,"1"
1,"1"
1,"0"
1,"0"
1,"0"
1,"1"
1,"0"
1,"1"
1,"0"
1,"1"
1,"0"
2,"0"
1,"0"
1,"1"
1,"1"
1,"2"
1,"0"
1,"0"
1,"0"
1,"1"
1,"1"
1,"1"
1,"1"
1,"0"
1,"1"
1,"0"
1,"1"
1,"0"
1,"1"
1,"2"
1,"1"
1,"2"
1,"1"
1,"1"
1,"1"
1,"1"
1,"0"
1,"1"
1,"1"
1,"1"
1,"0"
1,"0"
2,"0"
4,"0"
1,"2"
1,"0"
2,"0"
1,"1"
1,"1"
1,"0"
2,"0"
1,"1"
1,"1"
1,"2"
1,"1"
1,"0"
1,"0"
1,"0"
1,"2"
1,"1"
1,"0"
1,"0"
1,"1"
1,"1"
1,"2"
1,"1"
1,"1"
1,"1"
1,"1"
1,"0"
1,"1"
1,"0"
1,"0"
1,"1"
1,"1"
1,"1"
1,"0"
4,"0"
1,"1"
1,"0"
1,"1"
1,"1"
1,"1"
1,"0"
1,"1"
1,"1"
1,"1"
1,"1"
1,"1"
1,"2"
1,"0"
1,"2"
1,"2"
1,"1"
1,"1"
1,"1"
1,"0"
2,"1"
1,"1"
1,"1"
1,"0"
1,"0"
1,"0"
1,"2"
1,"1"
1,"0"
1,"1"
1,"1"
1,"0"
1,"1"
1,"0"
2,"0"
1,"2"
1,"0"
1,"1"
15,"0"
1,"1"
1,"1"
1,"1"
1,"0"
1,"1"
1,"1"
1,"1"
2,"3"
1,"0"
1,"2"
1,"0"
1,"0"
1,"0"
1,"0"
1,"1"
1,"0"
1,"1"
1,"1"
1,"2"
1,"1"
1,"1"
1,"0"
1,"0"
1,"1"
1,"0"
1,"0"
1,"1"
1,"1"
2,"0"
1,"2"
1,"1"
6,"0"
1,"1"
1,"0"
1,"1"
1,"0"
1,"0"
1,"1"
1,"0"
3,"0"
1,"1"
1,"1"
1,"0"
4,"0"
1,"0"
1,"0"
1,"1"
1,"1"
1,"0"
1,"0"
1,"1"
1,"1"
1,"0"
1,"0"
1,"1"
1,"1"
1,"1"
1,"0"
1,"1"
1,"1"
1,"0"
1,"1"
1,"1"
1,"1"
1,"1"
1,"1"
1,"1"
1,"1"
1,"1"
1,"0"
1,"1"
1,"1"
1,"1"
1,"0"
1,"1"
1,"1"
1,"1"
1,"1"
29,"0"
1,"1"
1,"1"
1,"1"
1,"1"
1,"0"
1,"1"
1,"1"
1,"1"
1,"1"
1,"0"
1,"1"
1,"0"
1,"1"
2,"0"
2,"2"
1,"1"
1,"1"
1,"1"
1,"1"
1,"0"
1,"1"
1,"1"
1,"1"
2,"0"
1,"1"
1,"1"
1,"1"
1,"1"
3,"1"
1,"0"
1,"1"
1,"0"
1,"1"
1,"0"
1,"0"
1,"1"
1,"1"
1,"0"
1,"1"
1,"1"
2,"0"
1,"1"
1,"0"
1,"0"
1,"0"
1,"0"
1,"2"
1,"0"
1,"0"
1,"1"
1,"0"
1,"2"
1,"0"
1,"0"
1,"0"
2,"0"
1,"1"
1,"1"
1,"1"
1,"2"
1,"1"
1,"0"
1,"1"
1,"1"
1,"1"
1,"0"
1,"1"
1,"0"
1,"1"
1,"0"
1,"0"
1,"0"
1,"0"
1,"1"
1,"1"
1,"1"
1,"1"
1,"1"
1,"0"
1,"1"
1,"1"
7,"0"
1,"1"
1,"1"
1,"3"
1,"1"
1,"1"
1,"1"
1,"1"
1,"3"
1,"1"
1,"1"
1,"2"
2,"1"
1,"0"
1,"1"
1,"1"
1,"1"
1,"1"
1,"0"
1,"0"
1,"1"
1,"1"
1,"1"
1,"1"
1,"2"
1,"0"
3,"0"
1,"1"
1,"0"
2,"1"
1,"1"
1,"2"
1,"0"
1,"0"
1,"2"
1,"0"
1,"1"
1,"2"
1,"1"
1,"2"
1,"0"
1,"3"
1,"2"
1,"1"
2,"0"
2,"0"
1,"0"
1,"0"
1,"1"
1,"2"
1,"4"
1,"1"
1,"2"
17,"0"
1,"1"
1,"1"
1,"0"
1,"0"
1,"0"
1,"1"
1,"0"
1,"0"
1,"1"
3,"0"
1,"3"
1,"2"
1,"0"
4,"0"
1,"1"
3,"0"
1,"0"
1,"1"
1,"2"
1,"0"
1,"1"
1,"1"
1,"0"
1,"1"
1,"0"
3,"0"
1,"1"
1,"1"
4,"0"
2,"0"
1,"1"
1,"1"
1,"1"
1,"1"
1,"1"
1,"1"
1,"1"
1,"2"
1,"3"
1,"0"
1,"1"
8,"0"
1,"0"
1,"2"
1,"0"
1,"2"
1,"1"
1,"2"
2,"0"
1,"1"
1,"1"
1,"0"
1,"1"
2,"0"
1,"1"
1,"1"
1,"1"
1,"1"
1,"1"
1,"0"
1,"1"
1,"1"
1,"0"
1,"1"
1,"1"
1,"0"
7,"0"
1,"1"
1,"0"
1,"1"
1,"2"
2,"1"
2,"0"
1,"1"
1,"0"
1,"0"
1,"0"
1,"0"
1,"0"
1,"1"
1,"0"
1,"0"
1,"0"
1,"1"
1,"0"
1,"0"
1,"1"
1,"0"
1,"1"
1,"0"
1,"0"
1,"0"
1,"1"
3,"1"
1,"1"
1,"2"
1,"1"
1,"1"
1,"0"
2,"0"
1,"0"
1,"0"
2,"0"
1,"0"
1,"0"
1,"1"
1,"0"
1,"1"
1,"0"
1,"0"
1,"1"
1,"0"
1,"0"
1,"1"
1,"1"
1,"2"
1,"1"
1,"0"
1,"2"
3,"0"
1,"0"
2,"0"
1,"0"
1,"1"
1,"0"
1,"1"
1,"0"
1,"0"
1,"1"
1,"1"
1,"1"
25,"0"
1,"1"
1,"1"
1,"1"
1,"0"
2,"0"
1,"0"
1,"3"
1,"0"
1,"1"
1,"1"
1,"3"
1,"0"
1,"1"
1,"0"
1,"1"
1,"1"
1,"2"
1,"0"
1,"1"
1,"2"
1,"2"
1,"1"
1,"0"
1,"0"
1,"1"
1,"2"
1,"0"
1,"1"
1,"3"
1,"0"
2,"0"
1,"1"
1,"0"
1,"1"
1,"1"
1,"1"
4,"0"
1,"0"
1,"2"
1,"0"
1,"0"
1,"1"
1,"0"
1,"1"
1,"1"
1,"1"
1,"1"
1,"1"
1,"1"
1,"1"
1,"0"
1,"1"
2,"0"
14,"0"
3,"1"
1,"0"
1,"1"
1,"3"
1,"1"
1,"1"
13,"0"
4,"0"
4,"0"
1,"1"
1,"1"
1,"0"
1,"1"
1,"1"
1,"0"
1,"0"
1,"1"
2,"1"
1,"0"
1,"1"
1,"1"
1,"1"
1,"0"
1,"1"
1,"2"
1,"0"
1,"0"
1,"1"
1,"1"
1,"0"
1,"0"
1,"0"
1,"1"
1,"0"
1,"2"
1,"1"
1,"0"
1,"1"
1,"0"
1,"0"
1,"1"
1,"0"
1,"0"
1,"0"
1,"1"
1,"1"
1,"0"
1,"0"
1,"1"
1,"1"
NA,"0"
1,"1"
1,"0"
1,"1"
1,"1"
1,"1"
1,"1"
1,"1"
1,"0"
1,"1"
1,"2"
1,"1"
1,"1"
1,"1"
1,"0"
13,"0"
1,"1"
1,"0"
2,"0"
1,"2"
1,"0"
1,"1"
1,"0"
1,"0"
48,"0"
1,"1"
1,"0"
1,"0"
1,"0"
1,"0"
1,"1"
2,"1"
1,"2"
1,"0"
12,"0"
2,"2"
1,"0"
1,"0"
1,"0"
1,"1"
1,"0"
1,"3"
8,"0"
1,"0"
1,"1"
1,"1"
1,"0"
1,"1"
1,"1"
1,"1"
1,"1"
1,"2"
1,"2"
1,"1"
1,"1"
1,"1"
1,"1"
1,"1"
1,"1"
1,"1"
1,"0"
1,"2"
1,"1"
1,"1"
1,"1"
1,"0"
1,"1"
1,"1"
1,"3"
1,"0"
2,"0"
1,"1"
1,"0"
1,"0"
1,"1"
1,"1"
1,"1"
1,"1"
1,"1"
1,"1"
1,"0"
1,"1"
1,"0"
1,"1"
2,"0"
1,"1"
1,"0"
1,"1"
1,"1"
1,"0"
1,"0"
1,"1"
1,"1"
1,"1"
1,"1"
1,"1"
1,"1"
1,"1"
1,"0"
1,"1"
3,"0"
1,"0"
1,"1"
1,"1"
1,"0"
1,"0"
1,"1"
1,"1"
1,"1"
1,"0"
1,"3"
3,"2"
1,"1"
1,"0"
1,"0"
1,"0"
1,"1"
1,"0"
1,"0"
1,"0"
1,"1"
1,"2"
1,"0"
1,"0"
1,"1"
1,"1"
1,"2"
1,"1"
1,"1"
1,"1"
1,"0"
1,"1"
1,"1"
1,"1"
1,"0"
1,"1"
1,"0"
1,"0"
1,"1"
1,"0"
1,"1"
1,"2"
1,"0"
1,"2"
1,"0"
1,"1"
1,"2"
1,"1"
1,"0"
1,"0"
1,"0"
1,"0"
1,"0"
1,"0"
1,"0"
1,"0"
1,"1"
1,"1"
1,"0"
1,"0"
1,"1"
1,"0"
1,"0"
1,"0"
1,"1"
1,"0"
1,"0"
1,"1"
2,"0"
1,"0"
1,"0"
1,"1"
1,"1"
1,"1"
1,"1"
1,"1"
1,"1"
1,"0"
1,"1"
1,"1"
1,"0"
1,"0"
1,"0"
1,"0"
1,"0"
1,"1"
1,"3"
1,"0"
1,"0"
1,"1"
1,"1"
1,"0"
1,"1"
1,"1"
1,"0"
1,"1"
1,"2"
1,"1"
1,"0"
1,"2"
1,"1"
1,"2"
1,"1"
1,"1"
1,"1"
1,"0"
1,"1"
1,"1"
1,"2"
1,"1"
1,"2"
2,"0"
1,"1"
1,"0"
1,"1"
1,"1"
1,"0"
1,"0"
2,"0"
1,"2"
1,"2"
1,"1"
1,"1"
1,"1"
1,"0"
1,"1"
1,"1"
1,"1"
1,"0"
1,"1"
1,"1"
1,"1"
1,"0"
1,"0"
1,"2"
1,"1"
1,"1"
1,"1"
1,"0"
1,"1"
1,"1"
1,"1"
1,"1"
2,"0"
1,"1"
1,"1"
1,"1"
1,"2"
1,"1"
1,"1"
1,"3"
1,"1"
1,"1"
1,"0"
1,"0"
1,"1"
1,"0"
1,"1"
1,"1"
1,"1"
1,"1"
1,"0"
1,"0"
1,"6"
1,"0"
1,"1"
1,"1"
1,"1"
1,"2"
1,"0"
1,"1"
1,"1"
1,"1"
1,"0"
1,"0"
1,"1"
1,"1"
3,"1"
1,"0"
1,"0"
1,"0"
1,"1"
1,"1"
1,"0"
1,"1"
1,"1"
3,"0"
1,"1"
1,"1"
1,"1"
1,"3"
1,"0"
1,"1"
1,"1"
1,"1"
1,"1"
18,"0"
1,"1"
4,"0"
1,"0"
1,"1"
1,"1"
1,"3"
1,"1"
1,"0"
1,"1"
1,"1"
1,"3"
1,"2"
1,"0"
1,"1"
1,"0"
1,"1"
1,"1"
1,"0"
1,"1"
1,"1"
1,"1"
1,"1"
1,"0"
1,"1"
1,"2"
1,"1"
1,"1"
1,"1"
1,"0"
1,"1"
1,"0"
1,"0"
2,"0"
1,"0"
1,"1"
1,"1"
1,"0"
1,"0"
1,"3"
1,"0"
1,"1"
1,"0"
1,"1"
3,"0"
1,"3"
1,"1"
1,"1"
1,"0"
1,"1"
1,"1"
1,"0"
1,"0"
1,"1"
1,"0"
1,"1"
1,"1"
1,"1"
1,"1"
1,"1"
2,"2"
1,"1"
1,"0"
1,"0"
1,"1"
1,"0"
1,"1"
1,"3"
1,"0"
1,"1"
1,"1"
1,"1"
1,"1"
1,"1"
1,"1"
1,"1"
2,"0"
1,"1"
1,"0"
1,"2"
1,"2"
1,"1"
1,"1"
1,"1"
1,"1"
1,"1"
1,"1"
1,"1"
1,"1"
1,"1"
1,"1"
1,"0"
1,"0"
1,"1"
1,"1"
1,"2"
1,"1"
1,"0"
1,"1"
1,"1"
3,"3"
1,"1"
1,"0"
1,"0"
1,"0"
1,"1"
1,"0"
1,"0"
1,"0"
1,"0"
1,"2"
1,"1"
2,"0"
1,"0"
1,"0"
1,"1"
1,"1"
1,"1"
1,"2"
1,"1"
1,"1"
1,"0"
1,"2"
1,"1"
1,"1"
1,"1"
1,"0"
1,"0"
1,"1"
1,"2"
1,"1"
1,"0"
1,"1"
2,"1"
1,"1"
1,"1"
1,"0"
1,"0"
1,"1"
2,"0"
1,"1"
1,"1"
3,"0"
1,"1"
2,"0"
1,"0"
1,"1"
1,"1"
1,"1"
1,"0"
1,"1"
1,"0"
1,"0"
1,"0"
1,"0"
1,"0"
2,"0"
1,"0"
1,"0"
1,"1"
1,"1"
1,"1"
1,"1"
1,"1"
2,"0"
1,"1"
1,"1"
2,"0"
1,"0"
1,"2"
1,"1"
1,"1"
1,"1"
1,"0"
1,"3"
1,"1"
1,"2"
1,"1"
1,"1"
1,"0"
1,"0"
1,"1"
NA,"0"
3,"0"
1,"0"
1,"1"
1,"1"
2,"0"
1,"1"
1,"1"
1,"1"
2,"0"
1,"0"
1,"1"
1,"1"
1,"1"
1,"0"
1,"1"
2,"0"
1,"0"
1,"0"
1,"2"
3,"0"
1,"0"
1,"0"
1,"1"
1,"0"
1,"1"
1,"0"
1,"0"
1,"2"
1,"1"
1,"1"
1,"1"
1,"2"
1,"0"
1,"1"
1,"0"
1,"2"
1,"1"
1,"0"
2,"1"
1,"1"
2,"0"
1,"0"
1,"0"
1,"1"
1,"0"
1,"1"
1,"1"
1,"0"
1,"1"
1,"1"
1,"1"
12,"0"
1,"0"
1,"1"
1,"1"
1,"1"
1,"1"
1,"1"
1,"1"
1,"0"
1,"1"
1,"0"
1,"1"
1,"1"
2,"0"
1,"1"
1,"2"
1,"0"
1,"0"
1,"0"
1,"0"
1,"1"
1,"0"
1,"1"
1,"0"
1,"0"
22,"0"
1,"0"
1,"1"
2,"0"
1,"1"
1,"1"
1,"0"
1,"1"
17,"0"
1,"1"
1,"0"
1,"0"
1,"2"
1,"1"
1,"1"
1,"0"
1,"3"
1,"1"
1,"0"
1,"0"
1,"1"
2,"0"
1,"1"
1,"0"
1,"1"
1,"0"
1,"1"
1,"0"
1,"0"
1,"1"
1,"1"
1,"1"
1,"1"
1,"1"
1,"1"
1,"1"
1,"1"
1,"1"
1,"1"
1,"0"
1,"0"
1,"2"
1,"6"
1,"0"
1,"0"
1,"0"
1,"0"
1,"0"
1,"1"
1,"0"
1,"0"
1,"0"
1,"0"
1,"0"
1,"0"
1,"0"
1,"3"
1,"0"
1,"1"
1,"2"
1,"0"
1,"1"
1,"1"
1,"0"
2,"1"
1,"0"
1,"0"
1,"1"
1,"0"
1,"2"
1,"0"
1,"1"
1,"2"
1,"1"
1,"0"
1,"1"
1,"2"
1,"1"
1,"1"
1,"0"
1,"1"
1,"1"
1,"0"
1,"1"
1,"1"
1,"1"
1,"0"
1,"1"
1,"0"
1,"1"
1,"0"
1,"0"
1,"0"
1,"0"
1,"0"
1,"0"
1,"1"
1,"1"
1,"2"
1,"1"
1,"1"
1,"0"
1,"0"
1,"1"
1,"1"
1,"1"
1,"1"
1,"2"
1,"0"
1,"0"
1,"0"
1,"0"
1,"0"
1,"1"
1,"0"
1,"0"
1,"1"
1,"1"
10,"0"
1,"0"
1,"0"
1,"1"
1,"1"
2,"0"
1,"2"
1,"0"
1,"0"
1,"1"
1,"1"
1,"0"
1,"1"
1,"1"
1,"1"
1,"0"
1,"3"
1,"0"
1,"1"
1,"0"
1,"0"
1,"1"
1,"0"
1,"1"
1,"1"
1,"1"
1,"2"
1,"0"
3,"1"
1,"0"
1,"1"
1,"0"
1,"2"
1,"0"
5,"0"
1,"1"
1,"1"
1,"0"
1,"0"
1,"1"
1,"2"
1,"0"
1,"1"
1,"0"
1,"2"
1,"1"
1,"1"
7,"1"
1,"1"
1,"1"
2,"0"
2,"0"
1,"1"
1,"0"
1,"2"
1,"0"
1,"0"
1,"0"
1,"1"
1,"1"
1,"1"
1,"3"
1,"1"
1,"0"
1,"1"
5,"0"
1,"1"
1,"0"
1,"1"
1,"1"
1,"1"
1,"0"
2,"0"
1,"1"
1,"1"
1,"0"
2,"0"
1,"1"
1,"0"
1,"1"
1,"0"
6,"0"
1,"0"
1,"0"
1,"1"
1,"2"
1,"1"
1,"0"
1,"0"
1,"0"
1,"0"
1,"0"
1,"1"
1,"1"
1,"2"
1,"1"
1,"1"
1,"1"
1,"0"
1,"1"
1,"1"
1,"1"
1,"0"
1,"1"
1,"0"
1,"0"
1,"2"
1,"1"
1,"1"
1,"0"
1,"1"
1,"2"
2,"1"
1,"1"
1,"0"
1,"0"
1,"1"
1,"0"
1,"2"
1,"0"
1,"0"
1,"1"
1,"1"
1,"1"
1,"0"
1,"1"
1,"6"
1,"0"
1,"0"
1,"1"
1,"1"
1,"0"
1,"1"
1,"1"
1,"2"
2,"0"
1,"1"
1,"0"
1,"1"
1,"0"
1,"1"
1,"2"
1,"0"
1,"0"
1,"0"
1,"1"
1,"1"
1,"1"
1,"0"
1,"0"
1,"1"
1,"1"
1,"1"
1,"1"
1,"1"
1,"1"
1,"0"
1,"0"
2,"0"
1,"2"
1,"1"
1,"2"
4,"0"
1,"3"
1,"1"
1,"2"
1,"1"
1,"0"
1,"0"
1,"2"
1,"1"
1,"1"
1,"1"
1,"1"
1,"2"
1,"1"
1,"1"
1,"0"
1,"0"
1,"0"
1,"1"
1,"1"
1,"3"
1,"1"
27,"0"
1,"1"
1,"1"
1,"0"
1,"1"
1,"0"
1,"1"
34,"0"
1,"0"
1,"1"
1,"1"
1,"1"
1,"0"
1,"0"
1,"1"
1,"3"
1,"1"
1,"0"
4,"0"
1,"0"
1,"0"
1,"1"
1,"0"
1,"0"
2,"0"
1,"0"
1,"0"
1,"1"
1,"0"
1,"2"
1,"2"
1,"0"
2,"0"
2,"0"
1,"1"
1,"0"
7,"0"
1,"0"
1,"0"
1,"2"
1,"1"
1,"2"
1,"0"
1,"0"
1,"0"
1,"1"
16,"0"
1,"1"
1,"0"
1,"1"
1,"2"
4,"1"
1,"1"
1,"1"
1,"1"
1,"1"
1,"1"
1,"0"
1,"1"
1,"1"
1,"1"
1,"1"
1,"2"
1,"1"
1,"1"
1,"0"
1,"0"
1,"1"
1,"0"
1,"1"
1,"0"
2,"0"
1,"1"
3,"1"
1,"0"
1,"1"
1,"1"
1,"0"
1,"0"
1,"1"
1,"0"
1,"1"
1,"1"
1,"0"
1,"0"
1,"3"
1,"2"
1,"1"
1,"2"
3,"0"
1,"1"
1,"1"
1,"0"
1,"1"
1,"1"
1,"1"
1,"3"
1,"0"
1,"0"
1,"0"
1,"1"
3,"1"
1,"0"
1,"1"
1,"1"
1,"1"
1,"2"
1,"1"
1,"1"
1,"0"
1,"2"
1,"2"
1,"2"
2,"0"
1,"2"
1,"1"
1,"2"
1,"1"
1,"1"
1,"0"
11,"0"
1,"1"
1,"1"
1,"0"
1,"0"
1,"0"
1,"0"
1,"1"
1,"1"
1,"1"
1,"2"
1,"1"
1,"0"
1,"1"
1,"1"
1,"0"
1,"1"
1,"1"
1,"1"
1,"0"
1,"1"
1,"0"
1,"2"
1,"0"
1,"0"
5,"0"
1,"0"
1,"1"
1,"0"
2,"0"
1,"2"
1,"1"
2,"0"
1,"1"
1,"1"
1,"0"
1,"1"
1,"0"
3,"0"
1,"1"
1,"0"
1,"1"
1,"1"
1,"0"
1,"1"
1,"0"
1,"0"
1,"1"
1,"0"
1,"1"
1,"0"
1,"1"
1,"0"
1,"1"
1,"0"
1,"1"
1,"1"
1,"1"
1,"1"
4,"0"
1,"2"
1,"0"
1,"0"
1,"2"
1,"0"
3,"0"
1,"1"
4,"0"
1,"1"
1,"1"
1,"1"
1,"0"
1,"0"
1,"0"
1,"1"
1,"0"
11,"0"
1,"1"
1,"0"
1,"1"
1,"1"
1,"0"
1,"0"
1,"1"
1,"0"
1,"0"
1,"0"
1,"0"
1,"1"
1,"1"
2,"0"
1,"0"
1,"2"
1,"0"
1,"1"
1,"1"
1,"1"
1,"1"
5,"0"
1,"1"
1,"1"
1,"1"
1,"1"
1,"1"
1,"1"
1,"0"
1,"1"
1,"2"
1,"0"
1,"1"
1,"2"
1,"1"
1,"1"
1,"1"
1,"1"
1,"1"
1,"1"
1,"1"
1,"0"
1,"0"
1,"1"
1,"1"
1,"0"
1,"1"
3,"0"
1,"0"
1,"1"
1,"2"
1,"1"
1,"1"
1,"0"
1,"0"
1,"0"
1,"1"
1,"0"
1,"0"
1,"1"
1,"1"
1,"1"
1,"1"
8,"0"
1,"3"
1,"0"
1,"1"
1,"0"
1,"2"
1,"1"
1,"4"
1,"0"
1,"1"
1,"1"
1,"1"
1,"0"
1,"1"
2,"0"
1,"1"
1,"0"
1,"1"
1,"1"
1,"1"
1,"0"
1,"0"
1,"0"
1,"0"
1,"0"
1,"0"
1,"0"
1,"1"
1,"1"
1,"1"
3,"0"
1,"1"
3,"0"
1,"1"
1,"1"
1,"1"
1,"1"
1,"1"
1,"0"
1,"1"
1,"1"
1,"2"
1,"2"
1,"1"
1,"1"
1,"1"
1,"0"
1,"2"
1,"1"
1,"1"
1,"0"
2,"0"
1,"1"
1,"0"
1,"0"
1,"0"
1,"1"
1,"0"
1,"0"
1,"0"
1,"0"
1,"0"
1,"0"
1,"1"
1,"1"
1,"2"
1,"1"
1,"1"
1,"0"
1,"0"
1,"1"
1,"0"
1,"1"
1,"1"
1,"1"
1,"1"
1,"1"
1,"0"
1,"0"
1,"1"
1,"1"
1,"1"
7,"0"
1,"1"
1,"1"
1,"1"
1,"0"
1,"0"
1,"2"
1,"1"
1,"1"
1,"1"
1,"0"
1,"0"
1,"2"
1,"0"
1,"0"
1,"1"
3,"0"
1,"2"
1,"0"
1,"0"
1,"1"
1,"1"
1,"0"
1,"0"
1,"3"
1,"0"
1,"0"
1,"0"
1,"0"
1,"1"
1,"0"
1,"0"
1,"0"
1,"0"
1,"0"
1,"1"
1,"1"
1,"0"
2,"2"
1,"1"
1,"1"
1,"1"
1,"1"
1,"1"
1,"0"
1,"5"
1,"0"
1,"1"
1,"0"
1,"1"
1,"1"
1,"1"
1,"0"
1,"0"
1,"0"
1,"1"
1,"0"
1,"1"
1,"0"
1,"0"
1,"1"
1,"3"
5,"0"
1,"1"
1,"2"
1,"1"
1,"1"
1,"1"
1,"1"
1,"0"
1,"0"
1,"0"
1,"0"
1,"1"
1,"1"
1,"1"
1,"0"
1,"2"
1,"1"
1,"1"
1,"1"
1,"0"
1,"0"
1,"0"
1,"3"
1,"1"
1,"1"
1,"1"
1,"0"
1,"1"
1,"1"
1,"0"
1,"1"
1,"2"
1,"1"
1,"0"
1,"1"
1,"1"
1,"1"
1,"1"
1,"1"
1,"1"
1,"1"
1,"1"
1,"1"
6,"0"
1,"1"
1,"1"
1,"1"
1,"0"
1,"1"
1,"1"
1,"1"
29,"0"
1,"1"
1,"0"
1,"1"
1,"0"
1,"0"
1,"1"
1,"0"
1,"0"
1,"7"
1,"1"
1,"1"
1,"0"
1,"1"
1,"0"
1,"0"
1,"1"
1,"1"
1,"1"
1,"0"
1,"1"
1,"0"
1,"0"
1,"1"
1,"1"
4,"0"
1,"1"
1,"1"
1,"1"
1,"1"
1,"0"
1,"0"
1,"2"
1,"1"
1,"1"
1,"0"
1,"1"
1,"1"
1,"2"
19,"0"
1,"1"
1,"1"
1,"1"
1,"1"
1,"1"
1,"0"
1,"1"
1,"2"
1,"0"
1,"1"
1,"1"
1,"1"
1,"1"
1,"0"
1,"0"
1,"0"
1,"0"
1,"1"
1,"0"
1,"0"
1,"1"
1,"0"
1,"1"
1,"0"
1,"0"
1,"0"
1,"1"
1,"1"
1,"1"
1,"1"
1,"0"
1,"1"
1,"0"
1,"0"
1,"0"
1,"1"
1,"1"
1,"1"
3,"0"
1,"0"
1,"0"
1,"1"
1,"0"
6,"0"
1,"1"
43,"0"
1,"3"
1,"1"
1,"1"
1,"1"
2,"0"
1,"3"
1,"0"
1,"0"
1,"0"
1,"2"
1,"1"
1,"0"
1,"1"
1,"1"
1,"1"
1,"1"
1,"1"
1,"1"
1,"0"
1,"0"
1,"1"
1,"1"
1,"1"
1,"0"
1,"1"
1,"0"
1,"1"
1,"1"
1,"1"
1,"1"
1,"1"
1,"0"
1,"0"
1,"1"
1,"0"
1,"3"
1,"0"
1,"0"
1,"1"
1,"0"
1,"0"
1,"0"
1,"1"
1,"1"
1,"0"
1,"0"
1,"0"
1,"1"
1,"1"
1,"1"
1,"1"
1,"3"
1,"0"
1,"2"
1,"1"
1,"2"
1,"0"
1,"2"
1,"1"
1,"1"
1,"2"
1,"0"
1,"0"
1,"1"
1,"0"
1,"1"
5,"0"
1,"0"
1,"1"
1,"0"
1,"1"
1,"0"
1,"2"
1,"1"
1,"0"
1,"1"
1,"1"
1,"0"
1,"1"
1,"1"
1,"0"
1,"0"
1,"1"
1,"1"
1,"0"
2,"0"
1,"1"
1,"1"
1,"1"
1,"1"
1,"1"
1,"1"
1,"1"
1,"0"
1,"2"
1,"0"
1,"0"
1,"0"
1,"0"
1,"1"
1,"1"
1,"1"
1,"2"
1,"1"
1,"1"
1,"0"
1,"1"
1,"1"
1,"1"
1,"2"
1,"1"
1,"1"
1,"0"
1,"0"
1,"1"
1,"1"
1,"1"
1,"1"
1,"1"
1,"1"
1,"0"
1,"1"
1,"0"
1,"1"
1,"0"
1,"0"
1,"3"
1,"0"
1,"1"
1,"0"
1,"0"
1,"1"
1,"0"
1,"1"
1,"1"
1,"0"
1,"0"
1,"1"
1,"1"
1,"0"
1,"0"
3,"0"
1,"1"
1,"0"
1,"0"
1,"0"
1,"1"
1,"1"
1,"2"
1,"0"
1,"1"
1,"0"
1,"0"
1,"1"
1,"1"
2,"1"
1,"1"
1,"1"
1,"0"
1,"0"
1,"0"
1,"1"
2,"1"
1,"0"
1,"0"
1,"1"
1,"1"
2,"1"
1,"0"
5,"1"
1,"0"
1,"0"
1,"0"
1,"1"
1,"1"
1,"1"
2,"0"
1,"2"
1,"0"
1,"1"
1,"1"
1,"1"
1,"1"
1,"1"
1,"0"
1,"1"
1,"1"
1,"1"
1,"0"
1,"0"
2,"0"
1,"0"
1,"1"
1,"0"
1,"2"
2,"1"
1,"1"
1,"1"
1,"1"
1,"1"
1,"2"
1,"0"
3,"0"
1,"1"
1,"0"
1,"1"
1,"1"
1,"0"
1,"1"
3,"0"
1,"0"
1,"1"
1,"0"
1,"1"
1,"1"
1,"0"
1,"1"
1,"1"
1,"0"
1,"0"
3,"0"
1,"1"
1,"2"
2,"0"
1,"2"
1,"0"
1,"1"
1,"0"
1,"1"
1,"0"
2,"0"
1,"0"
4,"0"
1,"1"
1,"1"
1,"0"
1,"2"
8,"0"
1,"0"
1,"1"
1,"1"
1,"2"
1,"1"
1,"1"
1,"0"
1,"0"
1,"1"
4,"0"
1,"1"
1,"1"
1,"0"
1,"1"
1,"1"
1,"5"
1,"0"
1,"1"
1,"1"
1,"2"
1,"1"
1,"0"
1,"0"
1,"0"
1,"1"
1,"1"
1,"1"
1,"2"
2,"0"
1,"2"
1,"0"
25,"0"
2,"0"
1,"1"
1,"2"
1,"1"
1,"0"
1,"0"
1,"3"
1,"1"
1,"1"
1,"0"
1,"2"
1,"0"
1,"1"
1,"1"
1,"0"
1,"1"
1,"1"
1,"0"
1,"0"
1,"0"
1,"0"
1,"0"
1,"1"
1,"0"
1,"0"
1,"1"
1,"1"
1,"1"
1,"1"
2,"0"
1,"0"
1,"1"
1,"0"
1,"1"
1,"1"
1,"0"
7,"0"
1,"2"
1,"0"
1,"2"
1,"2"
1,"0"
1,"1"
2,"0"
1,"1"
1,"1"
1,"0"
1,"1"
1,"1"
3,"0"
1,"0"
1,"0"
1,"0"
1,"0"
1,"0"
1,"1"
1,"2"
1,"1"
1,"1"
1,"1"
1,"1"
2,"0"
1,"1"
1,"1"
1,"1"
1,"1"
1,"0"
1,"2"
1,"0"
1,"1"
1,"0"
1,"0"
1,"0"
1,"1"
1,"1"
1,"2"
1,"1"
4,"1"
1,"1"
1,"0"
1,"1"
1,"0"
1,"1"
1,"1"
1,"1"
1,"0"
1,"0"
2,"0"
2,"1"
1,"1"
1,"1"
8,"0"
1,"0"
1,"1"
1,"1"
1,"1"
1,"0"
1,"1"
1,"0"
1,"1"
1,"0"
1,"1"
2,"0"
1,"1"
1,"0"
1,"1"
1,"2"
1,"1"
1,"0"
5,"2"
1,"1"
1,"0"
1,"1"
1,"1"
1,"1"
1,"1"
1,"0"
1,"1"
1,"0"
2,"0"
1,"1"
1,"1"
1,"2"
6,"0"
1,"0"
1,"1"
1,"0"
1,"0"
1,"1"
1,"0"
1,"0"
1,"0"
1,"0"
1,"0"
1,"1"
1,"0"
1,"1"
1,"1"
1,"1"
1,"1"
1,"0"
1,"1"
1,"1"
1,"1"
1,"1"
1,"2"
1,"0"
5,"0"
1,"0"
1,"0"
1,"1"
1,"1"
1,"1"
1,"0"
1,"2"
1,"0"
1,"2"
1,"2"
1,"0"
1,"0"
1,"0"
2,"0"
1,"0"
1,"0"
2,"8+"
1,"0"
1,"0"
1,"0"
1,"1"
1,"1"
1,"1"
1,"2"
1,"0"
1,"1"
1,"0"
1,"0"
1,"0"
1,"1"
1,"2"
1,"2"
1,"1"
1,"0"
8,"0"
1,"0"
1,"1"
1,"0"
1,"0"
1,"0"
1,"0"
1,"0"
7,"0"
1,"1"
1,"0"
1,"1"
1,"0"
1,"0"
1,"1"
1,"1"
1,"0"
4,"0"
1,"1"
1,"1"
1,"1"
1,"1"
1,"1"
1,"0"
1,"1"
1,"2"
6,"0"
1,"1"
1,"0"
1,"0"
1,"0"
1,"2"
1,"1"
1,"2"
1,"0"
1,"0"
9,"0"
1,"0"
1,"1"
1,"0"
1,"0"
1,"1"
1,"0"
1,"2"
1,"0"
1,"0"
1,"1"
1,"1"
1,"1"
1,"1"
1,"1"
1,"0"
7,"0"
1,"1"
1,"1"
1,"1"
1,"0"
1,"1"
2,"1"
1,"1"
1,"1"
1,"1"
1,"1"
1,"0"
1,"2"
3,"0"
1,"0"
1,"1"
1,"2"
1,"0"
1,"1"
1,"0"
1,"2"
1,"1"
1,"1"
1,"0"
1,"0"
1,"1"
1,"2"
1,"0"
1,"1"
1,"0"
1,"1"
1,"2"
1,"0"
1,"0"
1,"0"
2,"0"
1,"0"
1,"0"
1,"0"
1,"2"
1,"0"
1,"0"
1,"0"
1,"0"
1,"0"
1,"3"
1,"1"
1,"0"
4,"0"
1,"1"
1,"0"
1,"1"
1,"0"
1,"0"
3,"2"
1,"2"
1,"1"
1,"3"
1,"2"
1,"0"
1,"0"
1,"1"
1,"0"
3,"0"
1,"0"
1,"0"
1,"0"
1,"1"
1,"0"
1,"0"
1,"0"
23,"0"
1,"1"
1,"1"
1,"0"
2,"0"
1,"0"
1,"1"
1,"1"
1,"0"
1,"1"
4,"0"
1,"1"
1,"0"
1,"1"
1,"0"
1,"0"
1,"2"
1,"1"
1,"0"
1,"0"
1,"1"
1,"1"
2,"0"
2,"0"
1,"2"
1,"1"
1,"0"
1,"1"
1,"0"
2,"0"
1,"1"
1,"1"
1,"1"
2,"0"
1,"1"
4,"0"
1,"0"
5,"0"
1,"1"
2,"0"
3,"0"
1,"1"
1,"1"
1,"1"
1,"1"
1,"0"
1,"3"
1,"0"
1,"1"
1,"3"
1,"1"
1,"0"
1,"0"
2,"1"
1,"0"
1,"1"
1,"1"
1,"0"
28,"0"
1,"1"
1,"2"
1,"4"
1,"1"
1,"1"
1,"0"
1,"0"
1,"0"
1,"2"
1,"0"
1,"0"
2,"0"
1,"0"
1,"1"
1,"1"
3,"0"
2,"0"
3,"0"
1,"0"
1,"1"
1,"0"
1,"1"
1,"1"
1,"1"
1,"0"
1,"1"
24,"0"
1,"1"
1,"2"
1,"2"
1,"1"
1,"0"
1,"0"
1,"0"
1,"0"
2,"0"
1,"1"
2,"0"
1,"1"
1,"0"
1,"1"
1,"1"
1,"1"
2,"0"
1,"1"
1,"1"
1,"1"
1,"3"
1,"0"
1,"1"
1,"0"
1,"1"
1,"1"
1,"1"
4,"0"
1,"0"
1,"1"
1,"1"
1,"1"
1,"2"
2,"0"
1,"1"
1,"0"
1,"1"
1,"2"
1,"1"
1,"1"
1,"1"
1,"2"
1,"1"
1,"1"
1,"1"
1,"1"
1,"2"
1,"1"
1,"1"
5,"0"
1,"0"
1,"0"
1,"0"
1,"1"
1,"2"
1,"0"
1,"1"
1,"0"
1,"1"
21,"0"
1,"1"
1,"0"
1,"1"
1,"1"
1,"4"
1,"1"
1,"0"
1,"0"
1,"0"
1,"0"
1,"0"
1,"2"
1,"0"
1,"0"
1,"1"
1,"1"
1,"0"
1,"1"
1,"1"
1,"0"
1,"1"
1,"0"
2,"0"
1,"1"
1,"1"
1,"0"
1,"0"
1,"1"
1,"1"
1,"2"
1,"1"
1,"1"
1,"1"
1,"1"
1,"0"
1,"0"
1,"1"
1,"0"
1,"1"
1,"0"
1,"1"
1,"1"
1,"1"
2,"0"
1,"1"
1,"1"
1,"2"
1,"1"
1,"0"
1,"1"
1,"0"
1,"0"
1,"2"
1,"1"
2,"2"
1,"1"
1,"0"
1,"1"
1,"2"
1,"1"
1,"1"
1,"2"
1,"0"
1,"2"
2,"0"
1,"1"
1,"0"
1,"0"
1,"0"
1,"1"
1,"1"
1,"1"
1,"0"
1,"0"
2,"2"
1,"0"
1,"1"
1,"1"
1,"1"
1,"0"
1,"0"
1,"1"
1,"2"
1,"1"
1,"1"
1,"1"
4,"0"
1,"1"
1,"1"
1,"1"
1,"8+"
1,"0"
1,"2"
1,"1"
1,"1"
1,"1"
1,"2"
1,"0"
1,"0"
1,"1"
1,"1"
1,"1"
1,"1"
1,"1"
1,"2"
1,"1"
1,"0"
1,"1"
1,"3"
1,"0"
1,"0"
1,"3"
1,"2"
1,"0"
1,"0"
1,"1"
1,"0"
1,"0"
1,"1"
1,"1"
1,"1"
1,"1"
1,"0"
1,"1"
1,"0"
1,"0"
1,"1"
1,"1"
1,"5"
1,"1"
1,"1"
1,"1"
1,"1"
1,"3"
1,"0"
1,"1"
1,"1"
1,"1"
1,"2"
1,"1"
1,"1"
1,"1"
3,"0"
1,"0"
1,"1"
1,"2"
1,"1"
1,"1"
1,"0"
1,"1"
1,"1"
1,"0"
1,"1"
1,"0"
1,"1"
1,"1"
2,"1"
1,"1"
1,"0"
1,"0"
1,"1"
1,"0"
1,"1"
1,"1"
1,"1"
1,"0"
2,"2"
1,"0"
1,"2"
1,"0"
1,"0"
1,"5"
1,"1"
1,"1"
1,"1"
1,"1"
1,"1"
1,"1"
1,"0"
1,"1"
1,"0"
1,"1"
1,"1"
1,"1"
1,"1"
1,"0"
1,"1"
1,"1"
1,"1"
1,"2"
2,"2"
1,"0"
1,"1"
1,"0"
1,"0"
1,"0"
1,"0"
1,"1"
1,"0"
1,"0"
3,"0"
1,"1"
1,"1"
1,"1"
1,"1"
1,"1"
1,"1"
1,"2"
1,"0"
1,"1"
1,"1"
1,"1"
1,"1"
1,"1"
1,"0"
1,"1"
1,"1"
1,"0"
1,"0"
1,"1"
1,"0"
1,"1"
1,"0"
1,"0"
1,"1"
1,"1"
1,"1"
1,"1"
1,"0"
1,"0"
1,"0"
1,"2"
1,"0"
1,"0"
1,"1"
1,"0"
2,"2"
1,"2"
1,"0"
1,"0"
1,"1"
1,"1"
1,"0"
1,"1"
1,"1"
1,"2"
1,"1"
1,"1"
1,"0"
2,"0"
1,"0"
1,"0"
1,"2"
1,"2"
1,"2"
1,"1"
1,"0"
1,"1"
1,"1"
1,"0"
1,"1"
1,"1"
1,"0"
1,"1"
1,"0"
1,"2"
1,"0"
1,"1"
1,"0"
1,"3"
1,"0"
1,"2"
12,"0"
2,"0"
1,"2"
1,"0"
1,"0"
1,"0"
1,"0"
1,"0"
1,"1"
1,"0"
1,"0"
1,"0"
1,"1"
1,"0"
1,"2"
2,"0"
1,"0"
1,"0"
1,"0"
1,"0"
1,"0"
1,"0"
1,"0"
1,"0"
1,"1"
1,"0"
1,"0"
1,"1"
1,"1"
1,"1"
1,"1"
1,"2"
1,"0"
1,"1"
1,"1"
1,"0"
1,"0"
1,"1"
1,"1"
1,"0"
1,"0"
1,"1"
1,"1"
1,"1"
1,"1"
1,"2"
1,"1"
1,"1"
1,"1"
1,"1"
1,"0"
1,"1"
1,"0"
1,"2"
1,"1"
1,"1"
1,"1"
1,"1"
1,"1"
1,"0"
1,"1"
1,"0"
1,"0"
1,"0"
1,"0"
1,"1"
1,"0"
1,"1"
1,"1"
1,"1"
1,"0"
1,"0"
1,"1"
1,"1"
1,"0"
1,"1"
1,"1"
1,"0"
1,"0"
1,"1"
1,"0"
1,"0"
1,"1"
1,"0"
1,"0"
1,"1"
1,"1"
1,"1"
1,"1"
1,"1"
1,"1"
1,"1"
1,"0"
1,"0"
1,"0"
1,"2"
1,"0"
1,"0"
1,"0"
1,"0"
1,"1"
1,"0"
1,"0"
1,"0"
1,"0"
1,"0"
13,"0"
1,"1"
1,"0"
1,"0"
1,"0"
1,"1"
1,"1"
1,"1"
1,"1"
1,"1"
1,"0"
1,"2"
1,"1"
1,"1"
1,"1"
1,"1"
1,"3"
1,"1"
1,"1"
1,"0"
1,"1"
1,"1"
1,"0"
1,"1"
1,"2"
1,"2"
1,"0"
1,"1"
1,"2"
1,"1"
1,"1"
1,"0"
1,"2"
1,"1"
1,"1"
1,"0"
1,"1"
1,"0"
1,"2"
1,"1"
1,"0"
2,"0"
1,"0"
1,"1"
1,"0"
1,"3"
1,"1"
1,"0"
1,"0"
1,"1"
1,"1"
1,"0"
1,"0"
1,"0"
1,"0"
1,"0"
2,"0"
1,"0"
1,"2"
1,"0"
1,"1"
1,"0"
1,"0"
1,"0"
1,"0"
1,"0"
1,"0"
1,"1"
1,"0"
1,"1"
1,"0"
1,"0"
1,"0"
1,"1"
1,"1"
1,"1"
2,"0"
1,"1"
2,"0"
1,"0"
1,"0"
1,"0"
1,"0"
1,"1"
1,"0"
1,"1"
1,"1"
1,"1"
1,"2"
1,"1"
1,"1"
1,"1"
1,"1"
1,"1"
1,"1"
1,"0"
1,"2"
2,"1"
1,"1"
1,"0"
2,"0"
1,"1"
1,"0"
1,"0"
1,"0"
1,"1"
1,"1"
4,"1"
1,"0"
2,"0"
1,"0"
1,"0"
1,"0"
1,"1"
1,"0"
1,"1"
1,"1"
1,"0"
1,"2"
1,"0"
1,"0"
1,"1"
1,"0"
1,"1"
1,"0"
1,"0"
5,"0"
1,"0"
1,"0"
1,"2"
1,"1"
1,"1"
1,"1"
1,"1"
1,"1"
1,"1"
1,"1"
1,"0"
1,"0"
1,"0"
1,"0"
1,"0"
1,"0"
1,"1"
1,"0"
1,"0"
1,"1"
1,"1"
5,"0"
1,"1"
1,"0"
1,"1"
1,"1"
1,"1"
1,"1"
1,"1"
1,"1"
1,"1"
1,"1"
1,"0"
1,"1"
1,"2"
1,"1"
1,"0"
1,"0"
2,"0"
1,"1"
1,"1"
1,"1"
1,"0"
1,"0"
1,"0"
1,"1"
1,"0"
1,"1"
1,"0"
1,"0"
1,"0"
1,"1"
1,"0"
1,"1"
1,"0"
1,"2"
1,"1"
1,"2"
1,"0"
1,"0"
1,"0"
1,"1"
1,"1"
1,"2"
1,"1"
9,"0"
1,"0"
1,"0"
1,"1"
1,"0"
1,"2"
1,"0"
1,"0"
1,"1"
1,"1"
1,"0"
1,"1"
28,"0"
1,"1"
1,"1"
1,"2"
1,"2"
1,"0"
1,"0"
2,"0"
1,"0"
1,"1"
1,"1"
1,"0"
1,"1"
1,"2"
1,"1"
1,"0"
1,"1"
1,"1"
1,"0"
1,"2"
1,"0"
1,"1"
1,"0"
1,"1"
1,"1"
1,"1"
3,"0"
1,"0"
1,"1"
1,"0"
1,"1"
1,"0"
1,"0"
1,"0"
1,"0"
1,"3"
1,"0"
1,"0"
1,"0"
1,"1"
1,"1"
1,"1"
1,"2"
1,"1"
1,"0"
1,"1"
1,"1"
1,"0"
1,"0"
1,"3"
1,"0"
1,"0"
2,"0"
2,"0"
1,"0"
1,"1"
1,"1"
4,"0"
1,"1"
1,"1"
1,"1"
1,"2"
1,"0"
1,"1"
1,"0"
1,"1"
1,"1"
1,"0"
1,"0"
1,"0"
1,"0"
1,"0"
1,"1"
1,"0"
1,"1"
1,"0"
1,"0"
1,"0"
1,"0"
1,"0"
1,"1"
7,"0"
1,"1"
2,"0"
1,"0"
1,"4"
1,"1"
1,"2"
1,"0"
1,"1"
1,"1"
1,"0"
4,"0"
4,"0"
1,"0"
1,"1"
1,"0"
1,"0"
1,"0"
1,"0"
1,"1"
1,"0"
1,"1"
1,"0"
1,"1"
1,"0"
1,"0"
1,"0"
10,"0"
1,"0"
4,"0"
1,"0"
1,"2"
1,"2"
1,"0"
1,"3"
1,"1"
1,"0"
2,"0"
1,"1"
1,"0"
1,"1"
1,"2"
1,"0"
1,"1"
1,"0"
1,"1"
1,"2"
1,"0"
1,"0"
1,"0"
1,"0"
1,"0"
1,"0"
1,"0"
1,"0"
1,"1"
1,"1"
1,"0"
1,"1"
1,"0"
1,"2"
1,"1"
1,"1"
1,"1"
1,"1"
1,"2"
1,"0"
1,"0"
1,"2"
1,"0"
1,"1"
1,"3"
1,"0"
2,"1"
1,"1"
1,"0"
1,"1"
1,"0"
1,"0"
1,"1"
2,"0"
1,"0"
1,"0"
1,"1"
1,"0"
1,"1"
1,"1"
1,"0"
1,"1"
1,"0"
1,"0"
1,"0"
1,"0"
1,"0"
1,"2"
1,"0"
1,"1"
1,"0"
1,"0"
1,"1"
1,"0"
2,"0"
1,"1"
1,"0"
1,"1"
1,"0"
1,"0"
1,"0"
1,"1"
1,"0"
1,"0"
1,"2"
1,"0"
1,"0"
2,"0"
1,"0"
1,"0"
1,"0"
1,"1"
4,"0"
1,"1"
2,"0"
1,"0"
1,"0"
1,"1"
1,"1"
1,"1"
1,"0"
1,"0"
1,"1"
1,"0"
48,"0"
1,"0"
1,"0"
1,"1"
1,"1"
1,"0"
1,"0"
1,"0"
1,"0"
1,"1"
1,"0"
1,"0"
1,"2"
2,"0"
1,"1"
1,"0"
1,"0"
1,"1"
1,"0"
1,"0"
1,"0"
1,"0"
1,"0"
1,"1"
1,"0"
2,"0"
1,"1"
1,"2"
1,"1"
1,"1"
1,"0"
1,"0"
1,"0"
1,"0"
1,"1"
1,"1"
1,"0"
1,"0"
1,"1"
1,"0"
1,"1"
1,"0"
1,"1"
1,"0"
1,"0"
1,"1"
1,"0"
4,"0"
1,"1"
1,"1"
1,"0"
1,"1"
3,"1"
3,"0"
1,"0"
1,"0"
1,"0"
1,"0"
1,"0"
1,"0"
1,"0"
1,"0"
1,"0"
1,"1"
1,"1"
1,"2"
3,"0"
16,"0"
1,"1"
1,"1"
1,"0"
1,"0"
1,"0"
1,"1"
1,"0"
1,"3"
1,"0"
1,"1"
1,"0"
1,"1"
2,"0"
1,"0"
1,"1"
1,"0"
1,"0"
1,"1"
1,"2"
1,"1"
1,"0"
1,"1"
1,"1"
1,"1"
1,"0"
1,"0"
1,"1"
4,"0"
1,"1"
1,"1"
1,"1"
1,"0"
1,"1"
1,"0"
1,"1"
3,"1"
1,"1"
1,"0"
1,"1"
1,"2"
1,"0"
1,"0"
1,"0"
1,"1"
1,"1"
1,"1"
1,"1"
2,"2"
1,"1"
1,"1"
1,"1"
1,"0"
2,"0"
1,"0"
1,"0"
1,"1"
9,"0"
1,"0"
1,"1"
1,"0"
1,"1"
1,"0"
1,"0"
1,"1"
1,"0"
1,"0"
1,"0"
1,"1"
7,"0"
2,"0"
1,"0"
1,"1"
1,"1"
1,"0"
1,"1"
1,"0"
1,"1"
1,"0"
1,"0"
3,"0"
1,"0"
1,"0"
1,"0"
12,"0"
1,"0"
1,"0"
1,"1"
1,"0"
5,"0"
1,"1"
1,"0"
1,"0"
1,"1"
1,"0"
1,"1"
1,"0"
10,"0"
1,"0"
2,"0"
1,"0"
1,"0"
1,"0"
1,"0"
1,"0"
1,"0"
1,"0"
1,"1"
1,"1"
1,"0"
1,"0"
2,"0"
1,"0"
1,"0"
1,"0"
1,"2"
1,"1"
1,"1"
1,"2"
1,"1"
1,"1"
1,"1"
1,"1"
1,"1"
1,"1"
1,"1"
1,"2"
2,"0"
1,"1"
1,"1"
1,"1"
1,"1"
1,"0"
1,"0"
1,"1"
1,"1"
1,"1"
1,"1"
1,"1"
1,"0"
1,"2"
2,"0"
1,"0"
1,"1"
1,"3"
1,"0"
1,"1"
1,"1"
1,"1"
1,"1"
1,"0"
1,"1"
1,"2"
1,"0"
1,"1"
1,"1"
1,"1"
1,"1"
1,"2"
1,"0"
1,"0"
1,"0"
1,"0"
1,"1"
25,"0"
1,"0"
1,"0"
1,"1"
1,"0"
1,"2"
1,"1"
1,"0"
1,"2"
6,"0"
1,"1"
1,"0"
1,"0"
1,"0"
1,"1"
1,"1"
1,"0"
1,"0"
1,"0"
1,"0"
1,"0"
2,"0"
1,"1"
1,"0"
1,"0"
1,"0"
1,"0"
1,"1"
1,"0"
1,"0"
1,"1"
1,"0"
1,"0"
1,"1"
1,"1"
1,"0"
1,"2"
1,"0"
1,"0"
1,"0"
1,"0"
1,"1"
1,"0"
1,"1"
1,"1"
1,"2"
1,"0"
1,"1"
1,"0"
1,"0"
1,"0"
1,"0"
1,"0"
1,"0"
1,"1"
1,"1"
1,"1"
1,"0"
1,"0"
1,"1"
1,"1"
1,"1"
1,"0"
1,"1"
1,"2"
1,"2"
1,"0"
1,"4"
1,"0"
1,"0"
1,"0"
1,"1"
1,"0"
1,"0"
1,"0"
1,"1"
1,"2"
1,"1"
1,"1"
1,"1"
1,"0"
1,"1"
1,"1"
1,"1"
1,"0"
1,"0"
1,"1"
1,"0"
1,"1"
1,"1"
1,"1"
1,"1"
1,"0"
1,"0"
1,"0"
1,"1"
1,"1"
1,"1"
1,"1"
1,"2"
1,"2"
1,"1"
1,"1"
1,"1"
1,"1"
1,"3"
1,"0"
1,"0"
1,"1"
1,"1"
1,"2"
1,"1"
1,"1"
1,"1"
1,"1"
1,"0"
1,"3"
1,"0"
1,"0"
1,"1"
1,"0"
1,"1"
12,"0"
1,"0"
1,"0"
1,"1"
1,"1"
1,"1"
1,"0"
1,"1"
1,"1"
1,"1"
1,"0"
1,"0"
1,"2"
1,"0"
1,"1"
1,"0"
1,"0"
1,"0"
1,"0"
1,"2"
1,"1"
1,"0"
1,"0"
1,"0"
1,"0"
1,"0"
1,"1"
1,"0"
1,"0"
1,"0"
2,"1"
1,"0"
1,"0"
1,"0"
1,"0"
1,"1"
1,"2"
1,"1"
1,"1"
1,"1"
1,"1"
1,"1"
1,"1"
1,"1"
1,"1"
1,"0"
1,"1"
1,"0"
1,"2"
1,"1"
1,"0"
1,"0"
1,"2"
1,"0"
1,"0"
1,"2"
1,"1"
1,"2"
1,"2"
1,"0"
1,"1"
1,"2"
1,"1"
1,"0"
1,"1"
1,"1"
1,"1"
1,"1"
1,"3"
1,"0"
1,"1"
1,"1"
1,"0"
1,"0"
1,"0"
1,"0"
1,"0"
1,"0"
1,"0"
1,"0"
1,"0"
1,"1"
1,"0"
1,"0"
1,"0"
1,"1"
1,"1"
1,"1"
1,"1"
1,"2"
1,"1"
1,"1"
1,"1"
1,"1"
1,"1"
29,"0"
1,"0"
1,"0"
1,"1"
1,"0"
1,"1"
1,"0"
1,"1"
1,"1"
1,"1"
1,"1"
1,"1"
1,"1"
1,"1"
1,"3"
1,"1"
1,"3"
1,"1"
1,"0"
1,"1"
1,"1"
1,"1"
1,"1"
1,"1"
1,"1"
1,"1"
1,"0"
1,"2"
1,"1"
1,"1"
1,"1"
1,"1"
1,"0"
1,"1"
1,"1"
1,"3"
1,"0"
1,"3"
1,"0"
1,"1"
1,"1"
1,"1"
3,"0"
1,"0"
1,"1"
1,"1"
1,"1"
1,"1"
1,"1"
1,"0"
1,"1"
1,"0"
1,"0"
1,"0"
1,"0"
1,"0"
1,"1"
1,"2"
1,"0"
2,"0"
1,"0"
1,"1"
1,"0"
1,"1"
1,"1"
1,"1"
1,"1"
1,"0"
1,"1"
1,"1"
1,"0"
12,"0"
1,"1"
1,"0"
1,"0"
1,"0"
1,"0"
1,"1"
1,"1"
1,"2"
1,"0"
1,"1"
1,"2"
1,"0"
1,"2"
1,"1"
1,"0"
1,"0"
1,"0"
1,"0"
1,"0"
1,"0"
1,"0"
1,"0"
4,"0"
1,"0"
1,"1"
1,"0"
1,"0"
1,"1"
1,"1"
1,"0"
1,"1"
1,"0"
1,"1"
1,"2"
1,"1"
1,"1"
1,"1"
2,"1"
1,"0"
1,"2"
1,"1"
1,"1"
1,"1"
1,"1"
1,"1"
1,"0"
1,"1"
1,"0"
1,"0"
1,"1"
1,"2"
1,"1"
1,"0"
1,"1"
1,"2"
1,"1"
1,"2"
1,"2"
1,"1"
1,"0"
1,"1"
2,"0"
1,"0"
1,"0"
1,"0"
1,"1"
1,"2"
1,"1"
1,"1"
1,"1"
1,"1"
1,"1"
1,"1"
1,"1"
1,"0"
1,"0"
1,"0"
1,"2"
1,"0"
1,"1"
2,"0"
1,"1"
1,"1"
1,"1"
1,"0"
1,"1"
1,"0"
1,"1"
1,"0"
1,"0"
1,"2"
1,"2"
1,"1"
1,"1"
1,"1"
1,"0"
1,"0"
1,"1"
1,"0"
1,"1"
1,"0"
1,"1"
1,"1"
1,"1"
1,"1"
1,"1"
1,"0"
1,"1"
1,"1"
1,"1"
1,"0"
1,"1"
2,"2"
1,"3"
1,"1"
1,"0"
1,"1"
1,"1"
1,"0"
1,"0"
1,"0"
1,"1"
1,"3"
1,"0"
1,"0"
1,"0"
1,"1"
11,"0"
1,"1"
1,"0"
1,"0"
1,"0"
1,"0"
1,"1"
1,"2"
1,"0"
1,"0"
1,"0"
1,"0"
1,"0"
1,"0"
1,"1"
1,"1"
1,"0"
2,"1"
1,"0"
2,"2"
1,"0"
1,"1"
1,"1"
1,"2"
1,"1"
1,"1"
1,"1"
1,"1"
1,"0"
1,"2"
1,"1"
1,"1"
2,"0"
1,"0"
1,"0"
1,"1"
1,"1"
1,"1"
1,"0"
1,"2"
1,"1"
1,"0"
1,"0"
1,"0"
1,"0"
1,"1"
1,"2"
1,"0"
1,"0"
1,"0"
1,"1"
1,"0"
3,"1"
1,"0"
1,"1"
2,"0"
1,"1"
1,"1"
1,"0"
1,"0"
1,"0"
1,"1"
1,"1"
1,"0"
1,"0"
1,"0"
2,"0"
1,"0"
1,"0"
1,"3"
1,"1"
1,"0"
1,"0"
1,"1"
1,"1"
1,"1"
1,"2"
1,"0"
1,"0"
1,"1"
1,"1"
1,"1"
1,"5"
1,"0"
1,"1"
1,"1"
1,"0"
1,"1"
2,"0"
1,"0"
1,"0"
1,"0"
1,"1"
1,"0"
1,"0"
1,"3"
1,"0"
1,"1"
1,"1"
1,"1"
1,"1"
1,"1"
1,"0"
1,"1"
1,"0"
1,"0"
1,"1"
1,"0"
1,"0"
1,"1"
1,"1"
2,"2"
1,"0"
1,"1"
1,"0"
1,"1"
1,"0"
1,"0"
1,"0"
1,"2"
1,"1"
1,"1"
1,"0"
1,"0"
1,"0"
2,"0"
1,"0"
1,"0"
1,"1"
1,"0"
1,"0"
1,"0"
1,"2"
1,"0"
1,"0"
1,"0"
1,"0"
1,"1"
1,"1"
1,"1"
9,"0"
2,"0"
1,"1"
1,"0"
1,"0"
1,"0"
5,"0"
1,"1"
1,"0"
1,"0"
1,"0"
1,"1"
1,"0"
1,"0"
1,"0"
3,"0"
1,"0"
1,"3"
1,"1"
1,"0"
1,"1"
1,"1"
1,"1"
4,"0"
1,"2"
1,"0"
1,"0"
2,"1"
1,"0"
1,"1"
1,"0"
1,"1"
2,"0"
1,"2"
1,"0"
1,"0"
1,"1"
1,"0"
1,"0"
1,"2"
1,"1"
1,"0"
1,"0"
1,"0"
2,"0"
1,"1"
31,"0"
1,"1"
1,"1"
1,"1"
2,"0"
2,"0"
1,"1"
1,"0"
1,"0"
1,"2"
1,"0"
1,"1"
1,"0"
1,"1"
1,"0"
1,"0"
1,"0"
1,"1"
1,"2"
1,"0"
1,"0"
1,"0"
1,"0"
1,"1"
1,"1"
1,"2"
1,"1"
1,"0"
3,"4"
3,"0"
1,"0"
1,"1"
1,"0"
1,"0"
1,"0"
1,"1"
1,"1"
1,"1"
1,"0"
1,"0"
1,"1"
1,"0"
1,"0"
1,"1"
1,"0"
1,"0"
1,"0"
1,"1"
1,"0"
1,"1"
1,"1"
1,"0"
1,"0"
1,"0"
1,"0"
1,"0"
1,"0"
1,"0"
1,"2"
1,"2"
1,"2"
1,"0"
1,"1"
1,"1"
1,"0"
2,"0"
1,"1"
1,"1"
1,"0"
1,"2"
2,"0"
1,"0"
1,"0"
1,"2"
1,"1"
1,"1"
1,"1"
1,"1"
1,"0"
1,"1"
1,"2"
1,"0"
1,"2"
1,"1"
1,"1"
1,"0"
1,"1"
1,"2"
1,"1"
1,"0"
1,"1"
1,"0"
1,"0"
1,"0"
1,"1"
1,"0"
1,"0"
1,"1"
1,"1"
1,"0"
1,"0"
1,"1"
1,"0"
1,"1"
1,"0"
1,"0"
1,"0"
1,"0"
1,"0"
1,"1"
1,"1"
1,"0"
1,"0"
1,"0"
1,"0"
1,"1"
1,"1"
1,"1"
1,"0"
1,"1"
1,"0"
1,"0"
1,"1"
1,"1"
1,"0"
2,"1"
1,"0"
2,"0"
1,"0"
2,"0"
1,"2"
5,"0"
1,"0"
1,"0"
1,"1"
1,"1"
1,"1"
2,"0"
1,"2"
1,"0"
1,"0"
1,"2"
1,"1"
1,"0"
1,"0"
1,"0"
1,"0"
1,"0"
1,"0"
1,"1"
1,"0"
1,"2"
1,"0"
1,"0"
1,"1"
1,"0"
1,"0"
1,"1"
1,"0"
1,"0"
1,"1"
1,"0"
1,"0"
1,"1"
2,"3"
1,"0"
1,"1"
1,"0"
1,"1"
1,"1"
1,"1"
1,"0"
1,"1"
1,"0"
1,"1"
2,"1"
1,"0"
1,"0"
1,"0"
1,"0"
1,"0"
1,"0"
1,"1"
1,"0"
2,"0"
1,"1"
1,"1"
1,"2"
1,"0"
1,"0"
1,"1"
1,"0"
1,"1"
1,"0"
1,"0"
1,"0"
1,"1"
1,"1"
1,"3"
1,"0"
1,"0"
1,"0"
2,"0"
1,"0"
1,"0"
1,"2"
2,"0"
7,"0"
1,"0"
5,"0"
1,"0"
1,"0"
1,"0"
1,"0"
1,"0"
1,"1"
1,"0"
1,"0"
1,"0"
1,"0"
1,"0"
1,"0"
1,"0"
1,"2"
2,"0"
10,"0"
1,"1"
1,"1"
1,"1"
1,"1"
1,"1"
1,"0"
1,"0"
1,"0"
1,"0"
1,"2"
1,"0"
1,"1"
1,"0"
1,"1"
1,"1"
1,"1"
1,"1"
1,"0"
1,"0"
1,"0"
1,"0"
1,"1"
1,"0"
1,"1"
1,"1"
1,"0"
1,"1"
1,"1"
1,"0"
1,"2"
1,"1"
1,"2"
1,"0"
1,"0"
1,"1"
1,"1"
1,"0"
1,"1"
1,"0"
1,"0"
1,"1"
1,"1"
1,"2"
1,"0"
1,"1"
1,"0"
1,"1"
2,"0"
1,"1"
1,"2"
1,"1"
1,"1"
1,"0"
2,"0"
1,"1"
1,"0"
1,"1"
1,"2"
4,"0"
2,"0"
1,"1"
1,"1"
1,"1"
1,"0"
1,"0"
6,"0"
1,"0"
1,"0"
1,"0"
1,"1"
7,"0"
1,"0"
1,"0"
1,"1"
1,"1"
1,"1"
5,"0"
1,"0"
1,"1"
1,"1"
1,"0"
1,"1"
8,"0"
12,"0"
34,"0"
1,"2"
1,"0"
1,"1"
1,"0"
1,"1"
1,"0"
1,"0"
1,"1"
1,"1"
1,"1"
1,"1"
1,"2"
2,"0"
1,"0"
1,"0"
2,"2"
1,"0"
1,"1"
1,"1"
1,"0"
1,"1"
1,"0"
1,"1"
1,"0"
1,"0"
1,"1"
1,"1"
1,"0"
1,"0"
1,"0"
1,"0"
1,"0"
1,"1"
1,"0"
1,"1"
1,"0"
1,"0"
1,"0"
1,"0"
1,"0"
7,"0"
1,"1"
1,"0"
1,"1"
1,"1"
1,"0"
1,"0"
1,"0"
1,"0"
2,"0"
25,"0"
1,"1"
1,"0"
1,"1"
1,"0"
1,"0"
1,"0"
1,"1"
1,"1"
1,"0"
1,"1"
1,"0"
1,"0"
1,"0"
1,"1"
1,"1"
1,"2"
1,"1"
1,"0"
1,"0"
1,"0"
1,"1"
1,"2"
1,"1"
1,"1"
1,"1"
1,"0"
1,"0"
1,"1"
1,"1"
1,"1"
1,"1"
2,"0"
1,"0"
1,"0"
1,"1"
1,"0"
1,"3"
1,"1"
1,"0"
4,"0"
1,"0"
1,"0"
1,"0"
1,"1"
1,"0"
1,"1"
1,"1"
1,"0"
1,"0"
1,"0"
1,"0"
1,"0"
1,"0"
1,"0"
1,"0"
1,"0"
2,"0"
8,"0"
1,"1"
1,"1"
2,"0"
1,"0"
1,"1"
1,"2"
1,"1"
2,"1"
1,"1"
1,"0"
1,"1"
1,"1"
1,"0"
1,"0"
2,"0"
1,"0"
1,"1"
2,"0"
1,"2"
2,"0"
1,"1"
1,"1"
1,"0"
1,"0"
5,"0"
1,"0"
1,"0"
1,"2"
2,"1"
1,"1"
1,"1"
1,"1"
1,"1"
1,"0"
1,"1"
1,"1"
1,"2"
1,"0"
1,"1"
1,"1"
1,"1"
1,"0"
1,"1"
1,"0"
1,"1"
1,"0"
2,"0"
1,"1"
1,"1"
1,"0"
2,"0"
1,"1"
1,"0"
1,"0"
1,"1"
1,"1"
1,"2"
1,"3"
1,"0"
1,"1"
1,"1"
1,"0"
1,"1"
1,"1"
1,"2"
1,"1"
1,"0"
2,"0"
NA,"0"
5,"0"
1,"0"
1,"0"
1,"0"
1,"2"
1,"0"
1,"1"
1,"1"
1,"0"
1,"0"
1,"0"
1,"0"
1,"1"
1,"0"
1,"0"
1,"3"
1,"2"
1,"1"
1,"0"
1,"0"
1,"0"
1,"0"
1,"1"
1,"0"
1,"2"
1,"1"
1,"0"
1,"0"
1,"2"
1,"1"
1,"2"
1,"0"
1,"0"
1,"0"
1,"1"
1,"0"
1,"0"
1,"2"
1,"0"
1,"0"
1,"0"
1,"0"
1,"1"
1,"1"
2,"1"
1,"3"
2,"0"
1,"0"
1,"1"
1,"1"
2,"0"
1,"1"
1,"1"
1,"0"
1,"1"
1,"3"
1,"0"
1,"3"
1,"0"
1,"1"
6,"0"
1,"0"
1,"0"
1,"0"
1,"1"
1,"0"
1,"1"
1,"0"
1,"0"
1,"1"
1,"0"
1,"0"
1,"0"
1,"1"
1,"2"
1,"0"
1,"1"
1,"0"
1,"2"
1,"1"
1,"0"
1,"0"
1,"1"
1,"1"
1,"0"
1,"0"
1,"0"
1,"1"
1,"1"
1,"1"
1,"1"
1,"1"
1,"1"
1,"1"
1,"0"
1,"0"
2,"0"
1,"1"
1,"1"
1,"1"
1,"1"
1,"2"
1,"1"
1,"2"
1,"0"
1,"0"
1,"1"
1,"1"
1,"0"
1,"1"
1,"1"
1,"1"
1,"1"
1,"1"
1,"0"
1,"1"
1,"2"
1,"0"
1,"1"
1,"0"
1,"0"
1,"0"
2,"1"
1,"1"
1,"0"
1,"0"
1,"1"
1,"0"
1,"1"
1,"0"
2,"0"
1,"0"
1,"0"
1,"1"
1,"0"
1,"2"
1,"1"
1,"1"
3,"0"
2,"0"
1,"0"
1,"1"
1,"1"
1,"1"
1,"0"
1,"2"
1,"0"
1,"1"
1,"0"
1,"0"
1,"0"
1,"2"
1,"0"
1,"1"
2,"2"
1,"1"
1,"1"
1,"4"
1,"1"
1,"0"
1,"0"
1,"1"
1,"1"
1,"3"
1,"0"
3,"0"
1,"1"
1,"1"
1,"1"
1,"0"
1,"3"
1,"0"
1,"0"
1,"0"
1,"1"
1,"1"
1,"4"
1,"1"
1,"1"
2,"1"
1,"0"
1,"1"
1,"1"
1,"1"
1,"0"
1,"0"
1,"1"
1,"0"
1,"1"
1,"1"
1,"0"
1,"1"
1,"2"
1,"1"
1,"0"
3,"0"
1,"0"
1,"1"
1,"1"
1,"1"
1,"0"
1,"1"
1,"0"
1,"1"
1,"1"
1,"1"
1,"1"
1,"1"
1,"1"
1,"0"
1,"1"
1,"1"
1,"0"
1,"0"
1,"0"
10,"0"
1,"5"
1,"0"
1,"1"
1,"1"
1,"1"
1,"1"
1,"1"
1,"0"
1,"1"
1,"1"
2,"0"
1,"0"
1,"0"
1,"1"
1,"2"
1,"0"
1,"1"
1,"0"
1,"2"
1,"1"
1,"1"
1,"1"
1,"2"
1,"0"
1,"1"
1,"1"
1,"0"
1,"1"
1,"0"
1,"1"
1,"1"
1,"0"
1,"1"
1,"2"
1,"0"
1,"0"
1,"1"
1,"0"
1,"1"
1,"1"
1,"1"
1,"0"
1,"1"
1,"2"
1,"2"
2,"0"
1,"0"
1,"2"
13,"0"
1,"1"
1,"3"
1,"1"
1,"1"
1,"1"
1,"1"
1,"1"
1,"0"
1,"1"
1,"1"
1,"1"
1,"2"
1,"1"
1,"0"
1,"1"
1,"1"
1,"1"
1,"1"
1,"0"
1,"0"
1,"1"
1,"1"
2,"0"
1,"1"
1,"0"
1,"0"
1,"0"
1,"2"
1,"1"
1,"0"
1,"2"
1,"1"
1,"1"
1,"0"
1,"1"
1,"1"
1,"1"
1,"0"
1,"1"
3,"0"
2,"0"
1,"0"
1,"0"
1,"0"
1,"0"
1,"0"
1,"1"
1,"1"
1,"0"
1,"0"
1,"0"
1,"1"
1,"2"
1,"1"
1,"0"
1,"1"
1,"0"
1,"1"
2,"1"
1,"0"
1,"0"
1,"0"
1,"0"
1,"0"
1,"0"
1,"2"
1,"1"
1,"1"
1,"0"
1,"0"
1,"1"
1,"0"
1,"0"
1,"1"
1,"0"
1,"0"
1,"0"
1,"1"
1,"0"
1,"0"
1,"0"
1,"0"
1,"0"
1,"0"
1,"0"
1,"0"
1,"0"
1,"0"
1,"0"
1,"0"
1,"0"
1,"0"
1,"0"
1,"0"
1,"0"
1,"2"
1,"1"
1,"0"
1,"1"
1,"0"
1,"0"
3,"1"
10,"0"
1,"1"
1,"2"
1,"1"
2,"0"
1,"0"
1,"1"
1,"1"
2,"1"
1,"1"
1,"1"
1,"0"
1,"2"
1,"0"
1,"0"
1,"1"
1,"1"
1,"1"
1,"0"
1,"1"
1,"0"
1,"0"
1,"0"
1,"2"
1,"0"
1,"0"
1,"1"
1,"1"
1,"1"
1,"1"
1,"1"
1,"1"
1,"2"
1,"0"
1,"0"
1,"0"
1,"0"
1,"2"
1,"1"
2,"0"
1,"0"
1,"1"
1,"0"
1,"0"
1,"1"
1,"0"
1,"0"
1,"1"
3,"0"
1,"0"
1,"1"
1,"1"
1,"3"
1,"1"
1,"1"
1,"0"
1,"0"
1,"1"
1,"0"
1,"0"
2,"1"
1,"1"
1,"1"
1,"1"
1,"2"
1,"1"
1,"0"
1,"1"
2,"0"
1,"2"
1,"0"
1,"0"
1,"1"
20,"0"
1,"0"
1,"0"
1,"2"
1,"1"
1,"0"
1,"1"
2,"0"
1,"1"
1,"0"
1,"0"
1,"1"
1,"0"
1,"1"
1,"0"
1,"0"
1,"0"
1,"2"
1,"1"
1,"1"
1,"1"
1,"1"
1,"0"
1,"0"
1,"0"
1,"0"
1,"2"
1,"2"
1,"2"
1,"1"
1,"0"
1,"2"
1,"1"
1,"1"
1,"1"
1,"0"
1,"1"
1,"1"
1,"1"
1,"0"
1,"0"
1,"0"
1,"0"
1,"1"
1,"0"
1,"1"
1,"1"
1,"1"
1,"0"
1,"0"
1,"1"
1,"0"
1,"0"
1,"1"
1,"0"
1,"2"
1,"1"
1,"0"
1,"0"
1,"0"
1,"0"
1,"0"
1,"0"
1,"0"
1,"0"
1,"0"
1,"0"
1,"0"
1,"0"
1,"0"
1,"0"
1,"0"
1,"0"
1,"0"
2,"0"
1,"0"
1,"2"
1,"1"
1,"1"
1,"1"
1,"0"
1,"0"
1,"1"
1,"1"
2,"0"
1,"1"
1,"1"
1,"0"
1,"0"
1,"0"
1,"0"
1,"1"
1,"0"
2,"0"
1,"1"
1,"0"
1,"0"
1,"0"
1,"2"
1,"1"
1,"0"
1,"0"
1,"1"
3,"0"
1,"1"
1,"0"
1,"0"
1,"0"
1,"3"
1,"1"
1,"1"
1,"3"
1,"1"
1,"0"
1,"1"
1,"1"
1,"1"
1,"1"
1,"1"
1,"0"
3,"1"
1,"1"
1,"1"
1,"0"
1,"0"
1,"2"
1,"1"
1,"1"
1,"0"
1,"0"
2,"0"
1,"0"
1,"1"
1,"3"
1,"0"
1,"1"
2,"0"
1,"0"
1,"0"
1,"1"
1,"0"
1,"1"
1,"0"
1,"0"
1,"1"
1,"0"
1,"0"
1,"2"
1,"0"
1,"0"
1,"0"
1,"1"
1,"1"
1,"1"
1,"0"
1,"1"
1,"1"
1,"0"
1,"1"
1,"0"
1,"1"
1,"0"
1,"1"
1,"0"
2,"0"
1,"1"
1,"0"
1,"2"
1,"0"
1,"0"
1,"0"
1,"3"
1,"1"
1,"1"
1,"1"
1,"0"
1,"0"
1,"1"
1,"0"
1,"1"
4,"0"
1,"0"
1,"2"
1,"0"
1,"1"
1,"0"
1,"1"
1,"0"
1,"1"
1,"1"
1,"4"
1,"1"
1,"2"
5,"0"
1,"0"
1,"1"
1,"1"
2,"0"
1,"0"
1,"1"
1,"1"
1,"1"
1,"2"
1,"1"
1,"1"
1,"0"
1,"3"
1,"0"
1,"1"
1,"1"
1,"1"
1,"0"
1,"1"
1,"1"
1,"1"
1,"1"
4,"0"
1,"0"
1,"1"
1,"0"
1,"0"
1,"0"
1,"1"
1,"0"
1,"1"
2,"1"
1,"0"
1,"2"
1,"2"
1,"1"
1,"1"
1,"0"
1,"0"
1,"0"
1,"1"
2,"0"
1,"0"
1,"0"
1,"1"
3,"0"
1,"1"
1,"0"
1,"1"
1,"0"
1,"1"
1,"0"
1,"0"
1,"0"
1,"0"
1,"0"
1,"0"
1,"0"
1,"1"
1,"0"
1,"0"
1,"1"
1,"0"
1,"0"
1,"4"
1,"0"
1,"1"
1,"1"
1,"2"
1,"0"
1,"0"
1,"3"
1,"1"
1,"1"
1,"1"
1,"2"
1,"0"
7,"0"
1,"1"
1,"0"
1,"1"
1,"1"
1,"1"
2,"2"
1,"2"
1,"0"
1,"2"
6,"0"
2,"0"
1,"0"
1,"0"
1,"2"
1,"0"
1,"0"
1,"1"
1,"0"
2,"0"
1,"0"
1,"1"
1,"0"
1,"1"
1,"1"
1,"0"
1,"0"
2,"0"
1,"1"
1,"1"
1,"1"
2,"0"
1,"0"
1,"0"
5,"0"
1,"0"
1,"0"
1,"0"
1,"1"
1,"0"
1,"1"
1,"0"
1,"0"
3,"0"
1,"0"
1,"0"
1,"1"
1,"1"
1,"2"
1,"1"
1,"1"
1,"1"
1,"1"
1,"2"
1,"0"
1,"0"
1,"1"
1,"0"
5,"0"
1,"0"
1,"0"
1,"1"
1,"1"
1,"1"
1,"1"
1,"1"
1,"1"
1,"0"
1,"0"
1,"1"
1,"0"
1,"0"
1,"1"
1,"0"
1,"0"
1,"0"
1,"1"
1,"1"
1,"1"
1,"0"
1,"1"
1,"0"
1,"2"
1,"2"
1,"0"
1,"0"
1,"1"
1,"1"
1,"1"
1,"1"
1,"0"
1,"0"
1,"1"
1,"1"
1,"0"
1,"1"
1,"1"
1,"1"
1,"1"
1,"0"
1,"1"
1,"0"
1,"0"
1,"0"
1,"1"
1,"3"
1,"1"
1,"0"
1,"0"
1,"0"
1,"0"
1,"1"
1,"0"
1,"0"
1,"1"
1,"0"
1,"0"
1,"0"
1,"0"
1,"1"
1,"0"
1,"1"
1,"0"
1,"1"
37,"0"
1,"0"
2,"0"
1,"0"
1,"1"
1,"1"
1,"1"
1,"0"
1,"1"
1,"1"
1,"1"
1,"0"
1,"0"
1,"0"
1,"1"
1,"1"
1,"1"
1,"1"
1,"1"
1,"1"
1,"0"
1,"0"
1,"0"
1,"1"
1,"0"
6,"0"
1,"3"
1,"1"
1,"1"
1,"1"
1,"1"
1,"0"
5,"0"
1,"1"
1,"2"
1,"0"
1,"0"
1,"0"
1,"1"
1,"0"
2,"0"
1,"1"
46,"0"
1,"1"
1,"1"
1,"1"
1,"1"
2,"0"
1,"1"
1,"2"
1,"0"
1,"0"
1,"0"
1,"1"
1,"0"
1,"0"
1,"0"
4,"0"
1,"1"
1,"1"
1,"1"
2,"0"
1,"1"
1,"1"
2,"0"
1,"1"
2,"0"
1,"1"
1,"1"
1,"1"
1,"1"
1,"1"
1,"1"
1,"1"
1,"0"
2,"0"
1,"1"
1,"0"
1,"1"
1,"0"
1,"0"
1,"0"
1,"0"
1,"0"
1,"0"
1,"1"
1,"0"
1,"1"
2,"0"
1,"0"
1,"1"
1,"1"
1,"0"
1,"2"
1,"2"
1,"0"
1,"0"
1,"1"
1,"0"
1,"1"
1,"1"
1,"1"
1,"0"
2,"1"
1,"1"
1,"1"
1,"0"
1,"0"
1,"2"
1,"0"
1,"0"
1,"0"
1,"1"
1,"0"
1,"0"
1,"0"
1,"1"
1,"0"
1,"1"
1,"1"
1,"0"
1,"1"
1,"1"
1,"0"
1,"2"
1,"1"
1,"1"
1,"1"
1,"1"
1,"1"
1,"1"
1,"0"
1,"2"
1,"1"
1,"2"
1,"0"
1,"1"
1,"1"
1,"1"
1,"1"
1,"0"
1,"0"
1,"0"
1,"1"
1,"2"
1,"0"
1,"0"
1,"1"
1,"1"
1,"0"
2,"0"
1,"0"
1,"1"
1,"1"
1,"1"
1,"1"
1,"1"
1,"1"
1,"0"
1,"1"
1,"1"
1,"0"
15,"0"
1,"0"
1,"0"
1,"1"
1,"1"
1,"1"
1,"1"
4,"0"
1,"0"
1,"1"
1,"1"
1,"0"
1,"0"
1,"1"
3,"0"
1,"1"
1,"1"
1,"1"
1,"0"
1,"2"
1,"0"
1,"0"
1,"0"
1,"1"
1,"0"
1,"1"
1,"2"
1,"1"
1,"0"
1,"0"
1,"3"
1,"1"
1,"0"
1,"1"
1,"0"
1,"2"
1,"1"
1,"0"
1,"1"
1,"1"
1,"1"
1,"0"
1,"1"
1,"1"
1,"1"
1,"3"
1,"0"
1,"1"
1,"0"
1,"1"
2,"0"
1,"1"
1,"0"
1,"2"
1,"0"
1,"0"
2,"4"
1,"1"
1,"1"
1,"1"
2,"0"
1,"1"
1,"0"
1,"1"
1,"2"
1,"0"
1,"0"
1,"1"
1,"0"
1,"0"
1,"0"
1,"0"
1,"1"
1,"1"
1,"0"
1,"0"
1,"4"
1,"1"
1,"0"
1,"1"
1,"0"
1,"1"
1,"1"
1,"0"
1,"0"
1,"0"
1,"1"
17,"0"
1,"0"
1,"1"
10,"0"
1,"0"
1,"1"
1,"0"
1,"3"
20,"0"
1,"1"
1,"2"
1,"1"
1,"0"
1,"0"
1,"0"
1,"1"
1,"1"
1,"1"
1,"0"
1,"1"
1,"0"
1,"0"
1,"2"
1,"0"
1,"2"
1,"2"
1,"0"
1,"2"
1,"0"
1,"6"
1,"1"
8,"1"
1,"0"
1,"1"
1,"0"
1,"1"
1,"1"
1,"1"
1,"0"
1,"2"
1,"1"
1,"0"
1,"1"
1,"0"
1,"0"
1,"1"
1,"1"
1,"0"
3,"0"
1,"2"
1,"1"
1,"0"
1,"1"
1,"1"
1,"1"
1,"1"
1,"1"
1,"2"
1,"1"
1,"0"
1,"0"
1,"1"
1,"0"
1,"1"
1,"1"
1,"2"
3,"0"
1,"1"
3,"0"
4,"0"
1,"1"
1,"0"
1,"2"
1,"1"
1,"0"
1,"1"
1,"1"
1,"1"
1,"0"
1,"2"
1,"1"
1,"0"
1,"1"
1,"0"
1,"1"
1,"2"
1,"3"
1,"1"
1,"0"
1,"0"
1,"0"
1,"1"
1,"1"
1,"1"
1,"0"
1,"1"
1,"0"
1,"1"
1,"1"
1,"2"
1,"1"
1,"1"
1,"0"
1,"0"
1,"0"
1,"1"
1,"0"
1,"2"
1,"0"
1,"0"
1,"1"
1,"1"
1,"1"
1,"2"
1,"1"
1,"1"
1,"0"
1,"0"
1,"0"
1,"0"
1,"1"
1,"0"
1,"1"
1,"0"
1,"2"
1,"0"
1,"1"
1,"0"
1,"0"
1,"0"
1,"1"
1,"1"
1,"1"
1,"0"
1,"1"
1,"1"
1,"0"
1,"0"
1,"0"
1,"0"
1,"0"
1,"0"
1,"0"
1,"0"
1,"1"
1,"0"
1,"0"
1,"0"
1,"0"
1,"0"
1,"0"
1,"0"
1,"3"
1,"1"
1,"1"
1,"0"
1,"2"
1,"0"
1,"1"
1,"2"
1,"1"
1,"0"
1,"0"
2,"1"
1,"0"
1,"0"
1,"1"
1,"1"
1,"3"
1,"0"
1,"0"
1,"1"
1,"2"
1,"0"
4,"0"
1,"1"
1,"1"
1,"3"
1,"0"
1,"1"
1,"1"
1,"1"
1,"0"
1,"1"
1,"1"
1,"0"
1,"0"
1,"1"
1,"1"
1,"1"
1,"1"
1,"5"
1,"1"
1,"1"
1,"1"
1,"0"
1,"0"
1,"0"
1,"2"
1,"1"
1,"1"
1,"0"
1,"0"
1,"1"
1,"0"
1,"0"
1,"1"
1,"1"
1,"1"
1,"2"
1,"0"
1,"1"
4,"0"
1,"0"
1,"1"
1,"0"
1,"0"
1,"1"
1,"1"
1,"0"
1,"3"
1,"2"
1,"1"
1,"1"
1,"1"
1,"1"
1,"1"
1,"2"
1,"2"
1,"1"
1,"0"
1,"1"
1,"2"
1,"1"
1,"0"
1,"2"
1,"1"
1,"0"
2,"0"
1,"0"
1,"1"
1,"1"
1,"2"
1,"1"
2,"2"
1,"0"
1,"0"
1,"0"
1,"1"
1,"1"
1,"1"
1,"0"
1,"1"
1,"3"
1,"0"
1,"0"
2,"0"
1,"0"
1,"0"
1,"0"
1,"0"
1,"0"
1,"1"
1,"0"
1,"0"
1,"0"
1,"0"
1,"1"
1,"1"
1,"0"
1,"1"
1,"0"
1,"0"
1,"0"
1,"1"
1,"0"
1,"0"
1,"0"
1,"1"
1,"1"
1,"1"
1,"1"
1,"0"
1,"1"
1,"1"
1,"1"
1,"1"
9,"0"
1,"1"
1,"0"
1,"1"
1,"1"
2,"0"
1,"0"
1,"2"
1,"0"
1,"0"
1,"1"
1,"0"
1,"1"
1,"2"
1,"1"
1,"0"
1,"1"
1,"1"
1,"1"
1,"0"
1,"2"
1,"1"
1,"1"
1,"1"
1,"0"
1,"0"
1,"1"
2,"0"
1,"1"
1,"0"
1,"1"
1,"1"
1,"0"
1,"1"
1,"1"
1,"1"
1,"1"
1,"1"
1,"2"
1,"0"
1,"1"
1,"0"
1,"0"
1,"0"
1,"4"
1,"1"
1,"1"
1,"1"
1,"1"
1,"1"
1,"1"
1,"1"
1,"0"
1,"1"
1,"0"
1,"0"
1,"1"
2,"1"
1,"0"
1,"0"
1,"1"
1,"1"
1,"1"
1,"1"
3,"0"
1,"0"
1,"1"
1,"2"
2,"0"
1,"0"
1,"0"
1,"0"
1,"1"
1,"1"
1,"2"
1,"1"
1,"0"
1,"1"
1,"2"
1,"1"
1,"1"
1,"0"
1,"0"
1,"0"
1,"0"
1,"0"
1,"0"
1,"0"
1,"0"
1,"0"
1,"1"
1,"0"
30,"0"
1,"0"
1,"0"
2,"3"
1,"1"
1,"0"
1,"1"
1,"1"
1,"0"
1,"1"
1,"1"
2,"0"
1,"1"
1,"0"
1,"0"
1,"1"
1,"1"
1,"0"
1,"1"
1,"0"
1,"1"
1,"0"
1,"1"
1,"0"
1,"0"
1,"1"
1,"1"
1,"1"
1,"0"
1,"1"
1,"0"
1,"1"
1,"2"
1,"1"
1,"0"
4,"0"
1,"1"
1,"0"
1,"1"
1,"0"
1,"2"
1,"2"
1,"1"
1,"1"
1,"0"
1,"1"
1,"1"
4,"0"
1,"1"
1,"1"
1,"0"
1,"1"
1,"1"
1,"0"
1,"2"
1,"0"
1,"0"
1,"2"
1,"2"
1,"0"
1,"1"
1,"1"
1,"1"
1,"1"
2,"0"
11,"0"
1,"1"
1,"1"
1,"1"
4,"4"
1,"1"
1,"1"
1,"1"
1,"2"
1,"1"
1,"1"
1,"1"
1,"1"
1,"2"
2,"0"
1,"1"
1,"1"
1,"0"
1,"0"
1,"1"
1,"1"
1,"0"
1,"0"
1,"1"
1,"2"
1,"1"
1,"0"
1,"0"
1,"1"
1,"0"
1,"0"
1,"0"
1,"1"
1,"1"
1,"1"
1,"1"
1,"0"
24,"0"
1,"0"
1,"1"
5,"0"
1,"1"
1,"1"
1,"3"
1,"1"
1,"0"
1,"1"
1,"3"
1,"1"
1,"1"
1,"1"
1,"0"
1,"0"
1,"0"
1,"0"
1,"0"
1,"0"
1,"0"
1,"0"
1,"0"
1,"1"
1,"4"
1,"3"
1,"1"
1,"1"
1,"0"
1,"0"
1,"0"
1,"0"
1,"0"
1,"0"
1,"0"
1,"1"
1,"0"
1,"1"
1,"1"
1,"1"
1,"0"
1,"1"
17,"0"
1,"1"
1,"1"
1,"1"
1,"0"
1,"0"
1,"1"
1,"0"
1,"1"
1,"1"
1,"0"
1,"0"
1,"1"
1,"1"
1,"0"
1,"0"
1,"1"
1,"0"
1,"2"
1,"0"
1,"1"
1,"0"
1,"0"
1,"4"
1,"1"
1,"0"
1,"0"
1,"1"
1,"0"
1,"1"
1,"1"
1,"0"
1,"0"
1,"0"
1,"0"
1,"0"
1,"1"
1,"0"
1,"1"
1,"0"
1,"1"
1,"1"
1,"1"
1,"1"
1,"0"
1,"1"
1,"2"
6,"0"
1,"0"
1,"1"
1,"1"
1,"2"
3,"0"
1,"0"
1,"1"
1,"0"
2,"0"
1,"2"
1,"0"
1,"0"
1,"1"
1,"1"
1,"0"
1,"1"
21,"0"
1,"0"
1,"0"
5,"0"
1,"1"
1,"1"
1,"1"
1,"1"
1,"0"
1,"1"
1,"1"
1,"0"
1,"1"
2,"0"
1,"1"
1,"1"
1,"0"
2,"0"
1,"0"
1,"1"
1,"1"
1,"2"
1,"1"
1,"0"
1,"0"
1,"0"
1,"0"
1,"0"
1,"1"
1,"2"
1,"0"
1,"2"
1,"0"
1,"0"
2,"0"
27,"0"
1,"0"
1,"2"
1,"1"
1,"1"
1,"0"
1,"1"
1,"0"
1,"1"
1,"1"
1,"1"
1,"1"
1,"1"
1,"1"
1,"1"
1,"1"
1,"0"
3,"0"
1,"0"
1,"0"
1,"0"
1,"1"
1,"1"
1,"4"
2,"0"
1,"0"
1,"0"
1,"1"
1,"1"
25,"0"
1,"0"
1,"1"
3,"0"
1,"0"
1,"1"
1,"0"
1,"0"
1,"0"
1,"1"
1,"0"
1,"0"
1,"0"
1,"2"
17,"0"
1,"1"
1,"1"
1,"1"
1,"0"
1,"1"
1,"0"
1,"0"
1,"1"
1,"1"
1,"0"
1,"1"
1,"0"
1,"1"
1,"1"
1,"1"
1,"0"
1,"1"
1,"1"
1,"0"
1,"0"
4,"0"
1,"1"
1,"0"
1,"1"
1,"2"
1,"0"
1,"1"
1,"0"
1,"0"
1,"0"
1,"0"
1,"0"
1,"0"
1,"0"
1,"1"
1,"1"
1,"1"
1,"0"
1,"2"
3,"0"
4,"1"
1,"1"
5,"0"
2,"0"
1,"0"
1,"0"
1,"0"
1,"1"
1,"0"
1,"1"
1,"0"
1,"0"
1,"1"
1,"0"
1,"0"
1,"1"
1,"1"
1,"2"
1,"2"
1,"0"
1,"1"
1,"3"
1,"1"
1,"0"
1,"0"
1,"1"
1,"0"
1,"0"
1,"0"
1,"1"
1,"0"
1,"2"
1,"0"
1,"1"
1,"0"
1,"1"
1,"0"
1,"0"
1,"2"
1,"1"
2,"0"
1,"0"
1,"3"
2,"0"
1,"0"
1,"1"
1,"0"
1,"0"
1,"0"
1,"0"
1,"1"
1,"1"
2,"0"
1,"0"
4,"0"
5,"0"
1,"0"
1,"1"
1,"0"
1,"1"
1,"1"
1,"0"
1,"0"
1,"1"
1,"1"
1,"1"
1,"1"
1,"1"
1,"2"
1,"1"
1,"1"
1,"0"
1,"0"
2,"0"
2,"0"
1,"1"
1,"1"
1,"0"
1,"1"
1,"0"
1,"0"
1,"0"
1,"0"
1,"1"
1,"0"
1,"0"
1,"1"
1,"1"
1,"0"
1,"1"
1,"0"
1,"1"
1,"1"
1,"1"
1,"0"
1,"1"
3,"2"
1,"2"
1,"0"
5,"0"
1,"0"
1,"0"
1,"0"
1,"1"
1,"3"
1,"0"
1,"0"
1,"1"
1,"4"
1,"0"
1,"1"
1,"0"
1,"1"
2,"0"
1,"0"
1,"1"
NA,"0"
1,"1"
1,"1"
8,"0"
1,"0"
1,"1"
1,"1"
1,"1"
1,"2"
1,"1"
1,"3"
1,"0"
1,"1"
2,"0"
1,"0"
1,"0"
1,"0"
1,"2"
1,"1"
1,"1"
1,"1"
1,"0"
1,"1"
1,"1"
1,"1"
1,"2"
1,"1"
1,"1"
1,"1"
1,"1"
1,"1"
1,"0"
1,"0"
1,"0"
1,"0"
1,"0"
2,"1"
1,"0"
1,"1"
1,"1"
1,"1"
1,"0"
1,"0"
1,"1"
1,"1"
1,"1"
1,"0"
1,"0"
1,"1"
1,"0"
1,"1"
1,"0"
1,"0"
1,"1"
1,"2"
1,"1"
1,"0"
1,"0"
1,"0"
1,"1"
1,"0"
1,"0"
1,"1"
1,"1"
1,"0"
1,"1"
1,"0"
2,"0"
1,"0"
1,"3"
1,"1"
1,"1"
1,"0"
3,"0"
2,"1"
2,"0"
1,"2"
1,"1"
1,"0"
1,"1"
1,"0"
1,"0"
1,"0"
1,"0"
1,"0"
1,"0"
1,"4"
1,"0"
3,"0"
2,"0"
1,"1"
1,"1"
2,"0"
2,"0"
1,"2"
1,"0"
1,"1"
1,"0"
1,"1"
3,"0"
1,"0"
2,"1"
1,"1"
1,"0"
1,"1"
1,"2"
3,"0"
1,"1"
1,"0"
1,"2"
2,"2"
1,"0"
1,"1"
1,"2"
1,"0"
1,"1"
1,"1"
1,"0"
4,"0"
1,"1"
1,"0"
1,"3"
1,"0"
1,"1"
1,"1"
1,"1"
1,"1"
1,"1"
1,"0"
1,"0"
1,"1"
1,"0"
1,"1"
1,"0"
1,"0"
1,"0"
1,"1"
1,"1"
5,"0"
1,"0"
1,"0"
1,"0"
1,"2"
1,"0"
3,"0"
1,"0"
1,"0"
1,"0"
1,"0"
1,"0"
1,"0"
1,"1"
1,"0"
1,"1"
1,"1"
2,"0"
1,"0"
1,"0"
1,"2"
1,"2"
1,"0"
1,"0"
4,"0"
1,"1"
1,"0"
1,"1"
1,"1"
1,"0"
1,"0"
1,"1"
1,"0"
1,"1"
4,"0"
1,"0"
4,"0"
1,"0"
2,"0"
1,"1"
1,"2"
1,"0"
1,"1"
1,"1"
1,"2"
1,"1"
1,"1"
1,"1"
1,"2"
1,"1"
1,"1"
1,"1"
1,"1"
1,"0"
1,"1"
1,"1"
1,"0"
1,"1"
1,"1"
1,"1"
1,"1"
1,"1"
1,"0"
1,"0"
1,"1"
1,"1"
1,"1"
1,"1"
1,"1"
1,"0"
1,"0"
1,"0"
1,"0"
1,"0"
2,"0"
1,"1"
1,"0"
1,"1"
1,"0"
1,"0"
1,"2"
1,"1"
12,"0"
2,"2"
1,"0"
1,"2"
1,"0"
1,"0"
1,"0"
1,"0"
1,"0"
1,"1"
1,"1"
1,"1"
1,"1"
1,"1"
4,"0"
1,"0"
1,"1"
1,"1"
1,"0"
1,"0"
1,"0"
1,"1"
1,"0"
1,"1"
1,"1"
1,"1"
1,"0"
1,"0"
1,"1"
1,"0"
1,"1"
1,"1"
1,"1"
1,"1"
1,"1"
1,"0"
1,"1"
1,"0"
1,"0"
1,"0"
1,"1"
1,"1"
1,"1"
1,"0"
1,"1"
1,"0"
1,"1"
1,"2"
1,"2"
1,"1"
1,"0"
1,"1"
1,"1"
5,"0"
1,"2"
14,"0"
1,"1"
1,"1"
1,"0"
1,"1"
2,"0"
1,"0"
1,"1"
1,"2"
12,"0"
1,"1"
1,"0"
1,"0"
1,"0"
1,"1"
3,"0"
1,"2"
1,"0"
1,"1"
1,"0"
3,"0"
1,"0"
1,"0"
1,"1"
1,"0"
1,"2"
1,"1"
1,"0"
1,"0"
1,"1"
1,"2"
1,"0"
1,"0"
1,"0"
1,"0"
1,"1"
1,"0"
1,"0"
1,"1"
1,"1"
1,"1"
1,"0"
1,"0"
1,"1"
1,"1"
1,"0"
1,"0"
1,"1"
1,"1"
1,"1"
1,"0"
1,"1"
1,"1"
1,"1"
1,"1"
1,"1"
1,"0"
1,"0"
1,"1"
1,"0"
1,"0"
1,"1"
1,"0"
1,"2"
1,"1"
1,"1"
1,"1"
1,"1"
1,"1"
1,"2"
1,"0"
1,"1"
1,"1"
1,"1"
1,"0"
2,"6"
1,"0"
1,"2"
1,"1"
1,"1"
1,"0"
1,"1"
1,"0"
1,"0"
1,"0"
1,"0"
1,"1"
2,"0"
1,"1"
1,"1"
1,"0"
1,"2"
1,"1"
1,"0"
1,"0"
1,"0"
1,"0"
1,"0"
1,"0"
1,"1"
1,"0"
1,"1"
2,"0"
2,"0"
1,"0"
1,"2"
1,"1"
1,"0"
1,"0"
1,"3"
1,"1"
1,"1"
1,"1"
1,"0"
1,"1"
1,"0"
1,"1"
1,"1"
1,"1"
1,"1"
1,"1"
2,"2"
1,"2"
1,"1"
1,"1"
1,"1"
1,"2"
1,"0"
NA,"0"
1,"1"
1,"0"
1,"1"
1,"0"
1,"0"
1,"0"
1,"1"
1,"1"
1,"1"
1,"1"
1,"4"
1,"1"
1,"1"
1,"0"
1,"1"
1,"1"
1,"0"
1,"1"
1,"0"
1,"0"
1,"1"
1,"0"
1,"1"
1,"0"
1,"0"
1,"0"
1,"0"
1,"0"
1,"1"
1,"1"
1,"2"
1,"1"
1,"1"
1,"1"
1,"1"
1,"2"
1,"2"
1,"1"
1,"1"
1,"0"
1,"0"
1,"1"
1,"1"
1,"1"
2,"2"
1,"0"
1,"0"
1,"0"
1,"0"
1,"0"
1,"1"
1,"0"
1,"1"
1,"1"
1,"1"
1,"0"
1,"2"
1,"0"
1,"1"
1,"1"
2,"0"
1,"1"
1,"0"
1,"1"
1,"1"
4,"0"
1,"1"
1,"1"
1,"1"
2,"0"
1,"2"
1,"1"
1,"1"
1,"1"
1,"2"
1,"1"
1,"1"
1,"1"
1,"7"
1,"1"
1,"0"
1,"1"
1,"2"
2,"0"
1,"1"
1,"2"
1,"0"
1,"1"
1,"1"
1,"0"
1,"2"
1,"1"
1,"1"
1,"0"
1,"1"
3,"0"
1,"0"
1,"0"
1,"1"
1,"1"
1,"1"
1,"0"
1,"1"
1,"1"
1,"0"
1,"0"
1,"1"
2,"0"
1,"0"
1,"1"
1,"1"
1,"0"
1,"1"
1,"1"
1,"2"
1,"0"
1,"2"
1,"1"
1,"1"
1,"1"
1,"1"
1,"1"
1,"1"
1,"1"
1,"1"
1,"1"
2,"0"
1,"1"
1,"2"
1,"0"
1,"3"
1,"1"
1,"1"
1,"3"
1,"3"
1,"0"
1,"0"
1,"1"
1,"0"
1,"1"
1,"1"
1,"2"
1,"1"
1,"0"
1,"1"
1,"0"
1,"1"
1,"1"
1,"1"
1,"2"
1,"1"
1,"2"
2,"0"
1,"1"
1,"0"
1,"0"
1,"1"
1,"0"
1,"1"
1,"0"
1,"0"
1,"1"
1,"1"
1,"1"
1,"1"
1,"1"
1,"1"
1,"1"
1,"0"
1,"0"
1,"0"
1,"1"
1,"0"
1,"1"
1,"1"
1,"0"
1,"0"
1,"0"
1,"0"
1,"1"
1,"0"
1,"0"
1,"0"
1,"0"
1,"0"
1,"1"
1,"0"
1,"2"
1,"1"
1,"1"
1,"0"
1,"0"
1,"2"
1,"0"
1,"1"
1,"1"
1,"0"
1,"1"
1,"1"
1,"0"
1,"1"
2,"0"
1,"2"
1,"1"
1,"0"
1,"0"
1,"0"
1,"2"
1,"0"
1,"0"
1,"1"
1,"1"
1,"0"
1,"1"
1,"0"
1,"1"
1,"0"
1,"0"
1,"0"
1,"1"
1,"0"
1,"1"
1,"1"
1,"0"
1,"0"
1,"1"
1,"1"
1,"0"
1,"0"
1,"0"
1,"1"
1,"0"
1,"0"
1,"1"
1,"1"
1,"0"
1,"2"
1,"1"
1,"1"
1,"1"
1,"1"
1,"1"
1,"1"
1,"0"
1,"0"
1,"0"
1,"1"
1,"2"
1,"0"
1,"1"
1,"0"
1,"1"
1,"1"
1,"0"
1,"0"
1,"1"
1,"1"
1,"2"
1,"1"
1,"1"
1,"1"
1,"1"
1,"0"
1,"0"
1,"0"
1,"0"
1,"0"
1,"0"
1,"0"
1,"1"
1,"1"
1,"1"
1,"1"
1,"1"
1,"2"
1,"0"
1,"0"
1,"0"
1,"0"
1,"0"
1,"1"
1,"0"
1,"1"
1,"0"
2,"0"
1,"1"
1,"0"
1,"1"
1,"1"
1,"1"
1,"0"
4,"0"
1,"1"
1,"1"
1,"0"
1,"0"
1,"2"
5,"0"
1,"0"
1,"0"
1,"0"
1,"1"
1,"1"
1,"1"
1,"1"
1,"1"
1,"1"
1,"0"
1,"1"
1,"1"
1,"1"
1,"0"
1,"0"
1,"1"
1,"0"
1,"1"
1,"0"
1,"1"
1,"1"
1,"0"
2,"0"
1,"0"
1,"0"
1,"1"
1,"2"
1,"0"
1,"1"
1,"1"
1,"0"
1,"0"
1,"1"
1,"0"
1,"0"
1,"1"
1,"0"
1,"1"
1,"2"
3,"0"
1,"1"
1,"1"
1,"1"
3,"0"
1,"1"
1,"0"
1,"0"
1,"1"
1,"0"
1,"0"
1,"0"
1,"0"
1,"0"
7,"0"
1,"1"
2,"0"
1,"0"
1,"1"
1,"0"
1,"1"
1,"1"
1,"0"
1,"0"
1,"0"
1,"2"
1,"1"
1,"1"
1,"1"
1,"0"
1,"1"
1,"0"
1,"1"
1,"1"
1,"1"
1,"0"
1,"1"
1,"1"
1,"0"
5,"0"
1,"1"
23,"0"
2,"0"
1,"2"
1,"0"
1,"1"
1,"1"
1,"1"
1,"1"
1,"1"
1,"1"
1,"1"
1,"1"
1,"0"
1,"1"
1,"1"
1,"1"
1,"1"
1,"0"
1,"2"
1,"0"
2,"0"
1,"1"
1,"1"
1,"0"
1,"0"
1,"1"
1,"0"
3,"0"
1,"1"
1,"0"
1,"0"
1,"1"
1,"1"
1,"0"
1,"1"
1,"0"
1,"1"
1,"0"
1,"1"
1,"0"
1,"0"
1,"0"
1,"0"
1,"4"
1,"1"
1,"1"
1,"2"
1,"2"
1,"1"
1,"1"
1,"0"
1,"0"
1,"1"
2,"0"
1,"1"
1,"0"
1,"0"
5,"0"
1,"0"
1,"1"
1,"1"
1,"1"
1,"1"
1,"3"
1,"1"
1,"1"
1,"1"
2,"2"
1,"1"
1,"0"
1,"0"
1,"0"
1,"0"
1,"0"
1,"1"
1,"0"
1,"0"
1,"0"
1,"0"
1,"0"
1,"0"
1,"0"
1,"1"
1,"0"
1,"1"
1,"0"
1,"0"
1,"1"
1,"1"
1,"0"
1,"0"
1,"0"
1,"0"
1,"0"
1,"2"
1,"1"
1,"1"
1,"1"
1,"0"
2,"0"
1,"1"
1,"1"
1,"1"
1,"0"
1,"2"
1,"3"
1,"1"
1,"1"
1,"0"
1,"1"
1,"0"
1,"0"
1,"1"
1,"1"
1,"1"
1,"1"
1,"0"
1,"1"
2,"0"
1,"0"
1,"1"
1,"0"
1,"2"
1,"2"
2,"0"
1,"0"
1,"1"
1,"1"
1,"1"
1,"0"
1,"0"
1,"0"
1,"0"
1,"1"
1,"0"
1,"1"
1,"0"
2,"0"
1,"2"
1,"0"
1,"0"
1,"1"
1,"1"
1,"1"
1,"0"
1,"0"
1,"1"
1,"1"
1,"0"
1,"2"
1,"1"
1,"0"
1,"1"
1,"1"
2,"2"
1,"0"
1,"1"
2,"0"
1,"0"
1,"1"
1,"2"
1,"0"
2,"0"
1,"1"
1,"0"
1,"1"
1,"1"
1,"1"
1,"1"
1,"1"
1,"0"
1,"1"
1,"0"
1,"1"
1,"1"
1,"0"
1,"1"
1,"1"
1,"1"
1,"1"
1,"1"
1,"1"
1,"1"
1,"0"
1,"1"
1,"0"
1,"0"
1,"1"
1,"1"
2,"1"
1,"1"
1,"0"
1,"1"
1,"0"
1,"0"
1,"2"
1,"2"
1,"1"
1,"1"
1,"1"
1,"1"
1,"1"
1,"1"
1,"0"
1,"2"
1,"1"
1,"0"
1,"1"
1,"1"
1,"1"
1,"1"
1,"0"
1,"1"
2,"0"
1,"1"
1,"1"
1,"0"
1,"2"
1,"1"
1,"1"
1,"0"
1,"0"
1,"0"
1,"1"
1,"1"
1,"1"
1,"2"
1,"1"
1,"1"
1,"0"
1,"0"
1,"1"
1,"0"
1,"1"
1,"1"
1,"0"
2,"0"
1,"1"
1,"0"
1,"1"
1,"1"
1,"0"
1,"1"
1,"1"
1,"0"
1,"1"
1,"0"
1,"0"
1,"0"
2,"1"
1,"1"
1,"0"
1,"2"
1,"0"
1,"1"
1,"2"
1,"0"
1,"2"
1,"2"
1,"1"
1,"0"
1,"3"
1,"1"
5,"0"
1,"1"
1,"1"
1,"1"
1,"1"
1,"1"
1,"1"
1,"1"
1,"1"
1,"0"
1,"2"
1,"6"
1,"0"
1,"1"
1,"0"
6,"0"
1,"0"
1,"0"
1,"1"
1,"0"
1,"0"
1,"1"
1,"1"
1,"2"
1,"0"
1,"1"
1,"0"
1,"1"
1,"3"
1,"0"
1,"1"
1,"0"
1,"1"
18,"0"
1,"1"
1,"1"
1,"1"
1,"1"
1,"0"
1,"0"
1,"1"
1,"0"
1,"1"
1,"1"
1,"0"
1,"1"
1,"0"
1,"0"
1,"0"
1,"0"
1,"0"
1,"0"
1,"1"
1,"0"
1,"1"
21,"0"
1,"1"
1,"1"
1,"0"
1,"0"
1,"0"
1,"0"
1,"1"
1,"1"
1,"0"
1,"2"
1,"0"
1,"0"
1,"0"
1,"0"
1,"2"
1,"1"
1,"0"
1,"1"
1,"1"
1,"1"
1,"1"
1,"1"
1,"1"
1,"1"
1,"1"
1,"0"
1,"1"
1,"1"
1,"1"
1,"1"
1,"0"
1,"1"
1,"0"
1,"1"
3,"0"
1,"0"
2,"1"
1,"1"
1,"0"
2,"0"
2,"1"
1,"1"
1,"1"
1,"1"
1,"1"
1,"0"
1,"0"
1,"0"
2,"0"
1,"1"
1,"0"
1,"0"
1,"2"
1,"0"
1,"1"
1,"2"
1,"0"
1,"0"
1,"0"
1,"1"
1,"0"
1,"1"
3,"0"
1,"1"
1,"0"
1,"0"
1,"1"
1,"0"
1,"2"
1,"0"
1,"0"
1,"0"
1,"0"
1,"1"
1,"2"
1,"1"
1,"1"
1,"1"
2,"1"
1,"1"
1,"0"
1,"0"
1,"0"
1,"1"
1,"1"
1,"0"
1,"0"
1,"0"
5,"0"
2,"0"
1,"1"
1,"1"
1,"1"
1,"1"
1,"0"
1,"0"
1,"0"
1,"0"
1,"0"
1,"0"
1,"1"
1,"1"
1,"1"
1,"1"
1,"1"
1,"0"
1,"0"
1,"1"
1,"1"
1,"1"
1,"2"
1,"2"
1,"1"
1,"1"
1,"1"
1,"0"
1,"0"
1,"0"
1,"0"
1,"1"
1,"2"
1,"0"
1,"1"
1,"1"
1,"0"
1,"0"
1,"1"
1,"1"
1,"0"
3,"0"
1,"0"
1,"0"
1,"0"
1,"0"
1,"0"
1,"1"
5,"0"
1,"0"
1,"1"
1,"0"
1,"1"
1,"1"
1,"1"
1,"1"
1,"1"
1,"1"
1,"0"
1,"1"
1,"0"
1,"1"
1,"1"
1,"0"
1,"0"
1,"1"
1,"2"
1,"0"
1,"0"
1,"0"
1,"1"
1,"0"
1,"1"
1,"1"
1,"0"
1,"2"
1,"1"
1,"1"
1,"1"
1,"1"
1,"0"
1,"3"
2,"0"
1,"1"
1,"0"
1,"0"
1,"2"
1,"1"
1,"1"
1,"1"
1,"0"
5,"0"
1,"1"
1,"1"
1,"0"
1,"1"
1,"1"
1,"1"
1,"1"
1,"1"
1,"0"
1,"0"
1,"1"
1,"0"
1,"0"
2,"0"
1,"0"
1,"0"
1,"0"
1,"0"
1,"1"
1,"1"
1,"1"
2,"0"
1,"0"
1,"0"
1,"1"
1,"0"
1,"1"
1,"0"
1,"3"
1,"0"
1,"0"
2,"0"
1,"0"
1,"0"
1,"1"
1,"0"
1,"0"
1,"1"
2,"0"
1,"1"
1,"1"
1,"1"
1,"1"
1,"0"
1,"1"
1,"2"
1,"1"
4,"0"
1,"0"
1,"0"
3,"0"
1,"1"
1,"1"
1,"0"
1,"1"
1,"0"
1,"0"
1,"1"
1,"1"
1,"1"
1,"1"
1,"1"
6,"0"
1,"0"
1,"1"
1,"0"
1,"1"
1,"0"
1,"2"
6,"0"
1,"1"
1,"1"
1,"1"
1,"2"
1,"1"
1,"0"
1,"1"
1,"0"
4,"0"
1,"1"
1,"1"
2,"0"
1,"1"
1,"1"
1,"1"
1,"1"
1,"0"
2,"0"
3,"0"
1,"2"
1,"1"
1,"1"
1,"1"
1,"0"
1,"0"
1,"1"
1,"1"
1,"1"
1,"2"
1,"1"
3,"0"
1,"1"
1,"1"
1,"1"
1,"0"
1,"0"
1,"0"
1,"0"
1,"1"
2,"0"
1,"0"
1,"0"
1,"0"
1,"1"
1,"0"
1,"1"
1,"1"
1,"0"
1,"0"
1,"1"
1,"1"
1,"1"
1,"0"
1,"0"
1,"1"
1,"1"
1,"1"
1,"1"
1,"0"
1,"1"
1,"0"
1,"0"
1,"1"
1,"2"
1,"3"
1,"1"
1,"0"
1,"1"
1,"1"
1,"1"
1,"0"
1,"1"
1,"1"
1,"1"
1,"0"
1,"0"
1,"0"
1,"0"
1,"2"
1,"1"
2,"0"
1,"0"
1,"0"
1,"0"
1,"0"
1,"1"
1,"1"
8,"0"
1,"2"
1,"0"
1,"2"
1,"1"
1,"1"
1,"1"
1,"1"
1,"1"
1,"2"
1,"1"
1,"1"
1,"1"
1,"2"
3,"1"
1,"1"
1,"0"
1,"0"
1,"0"
1,"1"
1,"1"
1,"0"
1,"0"
1,"1"
1,"1"
1,"0"
1,"1"
1,"1"
1,"0"
1,"1"
1,"1"
1,"1"
NA,"0"
1,"1"
1,"0"
1,"2"
1,"1"
1,"1"
1,"1"
1,"1"
1,"2"
1,"0"
1,"0"
1,"0"
1,"3"
1,"1"
1,"0"
1,"0"
1,"0"
1,"0"
1,"3"
1,"1"
1,"0"
1,"0"
1,"0"
1,"1"
1,"0"
1,"1"
1,"3"
1,"2"
1,"0"
1,"2"
1,"1"
1,"1"
1,"1"
1,"0"
1,"1"
1,"1"
1,"1"
1,"1"
1,"1"
1,"0"
1,"0"
1,"0"
1,"0"
1,"1"
1,"1"
1,"1"
10,"0"
1,"2"
2,"0"
3,"2"
1,"0"
1,"1"
1,"1"
1,"1"
1,"1"
1,"1"
1,"1"
1,"1"
1,"1"
1,"1"
1,"2"
1,"0"
1,"1"
1,"3"
1,"1"
2,"0"
1,"1"
1,"2"
1,"1"
1,"2"
1,"1"
1,"1"
1,"2"
1,"0"
1,"0"
1,"1"
1,"1"
1,"0"
1,"1"
1,"1"
2,"0"
1,"0"
1,"0"
1,"1"
1,"4"
1,"2"
1,"1"
1,"0"
1,"0"
1,"0"
1,"1"
4,"0"
1,"1"
1,"2"
6,"0"
1,"1"
2,"1"
1,"2"
1,"1"
1,"1"
1,"0"
1,"1"
1,"1"
1,"1"
1,"1"
1,"0"
1,"1"
1,"0"
1,"0"
1,"2"
1,"0"
1,"1"
1,"0"
1,"0"
1,"0"
1,"0"
1,"0"
1,"0"
1,"0"
1,"1"
1,"1"
1,"2"
1,"1"
1,"0"
1,"1"
1,"0"
1,"0"
1,"1"
1,"0"
1,"0"
1,"1"
1,"0"
1,"2"
1,"0"
1,"0"
1,"2"
1,"1"
1,"0"
1,"1"
1,"0"
1,"1"
1,"0"
1,"1"
1,"0"
1,"1"
1,"0"
1,"1"
1,"3"
1,"1"
1,"1"
1,"1"
1,"0"
12,"0"
1,"1"
1,"0"
2,"0"
1,"2"
4,"0"
1,"1"
1,"1"
1,"0"
1,"0"
1,"2"
1,"1"
1,"0"
1,"0"
1,"0"
1,"1"
1,"1"
1,"0"
1,"0"
1,"0"
1,"1"
1,"1"
1,"0"
1,"1"
1,"1"
1,"1"
1,"1"
1,"1"
1,"1"
1,"0"
1,"0"
1,"2"
1,"1"
1,"0"
2,"2"
1,"0"
1,"1"
1,"0"
1,"1"
1,"2"
1,"1"
1,"1"
1,"1"
1,"2"
1,"1"
1,"1"
1,"0"
1,"1"
1,"1"
1,"1"
1,"0"
1,"2"
1,"1"
1,"0"
1,"1"
1,"1"
1,"1"
1,"1"
1,"1"
1,"1"
1,"0"
1,"1"
1,"0"
1,"1"
2,"0"
1,"0"
4,"0"
1,"1"
1,"2"
1,"2"
1,"0"
1,"1"
1,"1"
1,"1"
1,"0"
1,"2"
1,"1"
1,"0"
1,"1"
1,"1"
1,"0"
1,"1"
1,"2"
1,"0"
1,"0"
1,"0"
1,"1"
1,"1"
1,"3"
1,"0"
1,"1"
1,"0"
1,"0"
1,"1"
1,"0"
1,"1"
1,"0"
1,"0"
1,"0"
1,"0"
1,"1"
1,"1"
1,"0"
1,"0"
1,"1"
1,"0"
1,"0"
1,"0"
1,"1"
1,"1"
1,"1"
1,"0"
1,"0"
1,"0"
1,"0"
1,"2"
1,"0"
1,"0"
1,"1"
1,"1"
1,"1"
1,"0"
1,"1"
1,"1"
1,"0"
1,"0"
1,"0"
1,"1"
1,"1"
1,"1"
1,"0"
1,"1"
1,"0"
2,"1"
1,"2"
1,"2"
1,"2"
1,"1"
1,"0"
1,"1"
1,"0"
1,"2"
1,"0"
1,"1"
1,"1"
1,"1"
1,"2"
1,"3"
1,"1"
1,"1"
1,"0"
1,"0"
1,"0"
1,"2"
10,"0"
1,"2"
1,"0"
1,"0"
2,"0"
1,"1"
1,"1"
1,"0"
1,"1"
1,"1"
1,"1"
1,"2"
1,"1"
1,"0"
1,"1"
1,"0"
1,"1"
1,"1"
1,"1"
1,"1"
1,"0"
1,"1"
1,"0"
1,"1"
1,"1"
1,"0"
1,"3"
1,"1"
1,"0"
1,"1"
1,"0"
1,"2"
1,"2"
1,"1"
1,"0"
1,"2"
1,"2"
1,"1"
1,"1"
1,"0"
1,"1"
1,"1"
1,"0"
1,"0"
2,"0"
1,"1"
1,"0"
1,"1"
2,"1"
1,"0"
1,"1"
1,"1"
1,"0"
1,"2"
1,"0"
3,"0"
1,"1"
1,"0"
1,"1"
1,"0"
1,"3"
1,"0"
1,"1"
1,"0"
1,"1"
1,"1"
25,"0"
1,"2"
1,"0"
1,"1"
1,"0"
1,"0"
1,"1"
1,"0"
1,"0"
1,"1"
1,"0"
1,"0"
1,"1"
1,"1"
1,"1"
1,"2"
1,"1"
1,"1"
1,"1"
1,"0"
1,"1"
3,"0"
1,"0"
4,"0"
1,"1"
1,"1"
1,"2"
1,"1"
1,"1"
1,"1"
1,"0"
1,"0"
1,"0"
1,"1"
1,"0"
1,"0"
1,"2"
1,"1"
1,"1"
1,"2"
1,"1"
1,"1"
3,"0"
1,"1"
NA,"0"
1,"3"
1,"2"
1,"0"
1,"0"
1,"1"
1,"1"
1,"0"
2,"0"
1,"0"
1,"1"
1,"1"
1,"1"
1,"2"
1,"2"
1,"1"
1,"0"
1,"1"
1,"1"
1,"1"
1,"0"
1,"1"
1,"1"
1,"1"
1,"1"
1,"1"
1,"1"
1,"1"
1,"2"
1,"0"
3,"0"
1,"1"
1,"0"
1,"1"
1,"0"
1,"0"
1,"1"
1,"1"
1,"0"
1,"1"
1,"0"
1,"0"
1,"1"
1,"3"
1,"1"
1,"2"
1,"0"
1,"0"
1,"0"
1,"0"
1,"1"
1,"0"
1,"1"
1,"0"
1,"2"
1,"0"
1,"0"
1,"0"
1,"0"
1,"1"
1,"1"
1,"0"
1,"1"
1,"0"
3,"0"
1,"1"
1,"0"
1,"1"
1,"1"
1,"1"
1,"1"
1,"1"
1,"0"
1,"1"
1,"1"
1,"0"
1,"0"
2,"0"
1,"1"
1,"0"
1,"0"
1,"1"
1,"1"
1,"0"
1,"1"
2,"0"
1,"0"
1,"0"
1,"0"
1,"1"
1,"0"
1,"1"
1,"1"
1,"1"
1,"0"
1,"1"
1,"1"
1,"1"
1,"0"
1,"1"
1,"2"
1,"2"
1,"2"
1,"0"
1,"1"
1,"0"
1,"1"
1,"1"
1,"0"
1,"0"
1,"1"
1,"2"
1,"1"
2,"0"
3,"0"
1,"0"
1,"0"
1,"0"
1,"1"
1,"0"
1,"2"
1,"0"
1,"1"
1,"0"
1,"1"
1,"0"
1,"1"
1,"0"
1,"0"
1,"0"
1,"1"
1,"1"
1,"1"
1,"1"
3,"0"
1,"1"
1,"1"
1,"0"
1,"1"
1,"0"
1,"1"
3,"0"
1,"1"
1,"0"
1,"1"
1,"1"
1,"0"
1,"1"
1,"0"
1,"2"
1,"1"
1,"1"
1,"0"
1,"0"
1,"0"
1,"1"
1,"0"
1,"0"
1,"1"
2,"0"
1,"1"
1,"1"
1,"1"
1,"0"
1,"0"
1,"1"
1,"0"
1,"0"
1,"1"
1,"0"
1,"0"
1,"1"
1,"0"
7,"0"
1,"1"
1,"0"
1,"1"
1,"1"
1,"1"
1,"0"
1,"0"
1,"1"
1,"0"
1,"0"
6,"0"
1,"1"
1,"1"
1,"1"
1,"2"
1,"1"
1,"0"
1,"0"
1,"0"
1,"1"
1,"1"
2,"0"
1,"0"
1,"0"
1,"0"
1,"0"
1,"0"
1,"1"
1,"1"
1,"1"
1,"1"
1,"1"
1,"2"
1,"2"
1,"0"
1,"2"
1,"1"
1,"1"
2,"2"
1,"0"
5,"1"
1,"1"
1,"2"
1,"1"
1,"0"
1,"0"
1,"2"
1,"0"
1,"1"
1,"0"
2,"0"
2,"0"
1,"1"
1,"0"
1,"0"
1,"0"
2,"0"
1,"0"
1,"1"
1,"2"
1,"2"
2,"0"
2,"0"
1,"1"
1,"1"
1,"2"
1,"1"
1,"1"
1,"0"
1,"0"
1,"0"
1,"0"
1,"1"
1,"1"
2,"0"
1,"1"
1,"1"
1,"0"
1,"0"
1,"1"
1,"1"
3,"0"
1,"1"
1,"1"
1,"0"
1,"0"
1,"0"
1,"3"
1,"1"
4,"0"
1,"1"
1,"0"
1,"2"
1,"0"
1,"0"
1,"1"
1,"0"
1,"0"
1,"0"
1,"0"
1,"1"
1,"0"
1,"1"
1,"1"
1,"0"
1,"1"
1,"0"
1,"0"
3,"1"
1,"1"
3,"0"
1,"0"
1,"0"
1,"1"
1,"0"
1,"0"
1,"0"
1,"0"
1,"0"
1,"0"
2,"0"
1,"0"
2,"0"
1,"1"
1,"1"
2,"0"
1,"1"
1,"3"
1,"1"
1,"0"
1,"1"
1,"0"
1,"1"
1,"0"
1,"0"
1,"1"
1,"1"
1,"1"
1,"1"
1,"2"
1,"1"
1,"1"
1,"0"
1,"1"
1,"1"
1,"1"
1,"0"
1,"1"
1,"1"
1,"1"
1,"1"
2,"1"
1,"1"
1,"0"
1,"0"
1,"1"
1,"0"
1,"0"
1,"1"
1,"1"
1,"1"
1,"1"
1,"0"
1,"1"
1,"0"
1,"2"
1,"1"
1,"1"
1,"0"
1,"1"
1,"0"
1,"0"
1,"0"
1,"0"
1,"0"
1,"1"
1,"0"
1,"1"
1,"0"
1,"0"
1,"1"
2,"0"
1,"1"
1,"1"
1,"1"
1,"2"
1,"2"
2,"2"
1,"0"
1,"1"
1,"1"
1,"0"
25,"0"
1,"1"
1,"1"
1,"0"
1,"0"
1,"0"
1,"0"
1,"1"
1,"1"
1,"0"
1,"0"
1,"0"
1,"0"
1,"1"
1,"0"
2,"2"
1,"2"
1,"3"
1,"4"
1,"1"
1,"0"
4,"0"
1,"0"
1,"0"
1,"0"
1,"0"
1,"1"
1,"0"
1,"0"
1,"2"
1,"0"
1,"1"
3,"0"
1,"2"
1,"1"
1,"0"
1,"0"
1,"1"
1,"1"
1,"1"
1,"1"
1,"1"
1,"1"
1,"0"
1,"1"
1,"1"
1,"1"
1,"0"
1,"1"
1,"2"
1,"1"
1,"3"
1,"0"
1,"1"
1,"2"
1,"1"
1,"1"
1,"1"
1,"0"
1,"0"
1,"1"
1,"1"
1,"1"
1,"1"
1,"0"
1,"1"
1,"0"
1,"1"
1,"2"
2,"0"
1,"1"
1,"0"
1,"1"
1,"1"
1,"1"
1,"1"
1,"1"
1,"0"
1,"0"
1,"4"
1,"0"
1,"1"
1,"1"
1,"1"
1,"1"
1,"1"
1,"1"
2,"3"
4,"0"
1,"0"
1,"1"
1,"1"
1,"1"
6,"1"
1,"0"
1,"0"
1,"1"
NA,"0"
1,"2"
1,"0"
1,"1"
1,"0"
1,"0"
1,"0"
2,"0"
1,"1"
1,"2"
1,"1"
1,"0"
1,"1"
1,"1"
1,"1"
1,"0"
1,"0"
1,"1"
1,"0"
1,"2"
1,"0"
1,"1"
1,"1"
1,"0"
1,"1"
1,"1"
1,"1"
1,"0"
1,"1"
1,"0"
1,"1"
1,"1"
1,"0"
1,"2"
1,"1"
3,"1"
1,"1"
1,"1"
1,"1"
1,"1"
1,"0"
3,"0"
2,"2"
1,"0"
1,"1"
1,"0"
1,"1"
1,"0"
1,"0"
1,"1"
1,"1"
1,"0"
1,"1"
1,"1"
1,"1"
1,"1"
1,"0"
1,"1"
1,"0"
1,"0"
1,"0"
1,"1"
2,"0"
1,"1"
1,"1"
1,"2"
1,"2"
1,"1"
1,"0"
1,"3"
1,"1"
1,"1"
1,"1"
1,"0"
2,"0"
1,"1"
1,"1"
1,"1"
1,"1"
1,"1"
1,"0"
1,"1"
2,"2"
1,"0"
5,"0"
1,"1"
1,"2"
1,"1"
1,"1"
1,"1"
1,"1"
1,"0"
1,"1"
1,"1"
1,"1"
1,"1"
1,"1"
1,"1"
1,"1"
1,"1"
1,"1"
1,"1"
1,"1"
1,"2"
1,"1"
1,"1"
1,"0"
1,"1"
1,"1"
1,"0"
1,"0"
1,"2"
1,"0"
1,"1"
1,"0"
1,"1"
1,"1"
1,"1"
1,"1"
1,"2"
1,"2"
1,"0"
1,"0"
1,"1"
1,"0"
1,"1"
1,"2"
4,"0"
1,"0"
3,"0"
1,"0"
1,"0"
1,"0"
1,"1"
1,"1"
1,"1"
1,"0"
8,"0"
1,"1"
1,"0"
1,"1"
1,"2"
1,"0"
1,"2"
1,"0"
1,"1"
1,"1"
1,"0"
1,"0"
2,"0"
1,"2"
1,"1"
1,"1"
1,"1"
1,"1"
1,"0"
1,"0"
1,"2"
1,"1"
1,"2"
1,"1"
1,"1"
1,"1"
1,"1"
1,"2"
1,"1"
1,"0"
1,"1"
1,"2"
1,"1"
1,"0"
3,"0"
1,"1"
1,"1"
1,"1"
1,"1"
1,"1"
1,"2"
1,"2"
1,"5"
1,"0"
1,"1"
1,"1"
1,"1"
1,"1"
1,"1"
1,"1"
1,"1"
1,"1"
1,"0"
1,"0"
1,"1"
1,"2"
1,"0"
1,"1"
1,"0"
1,"1"
1,"1"
1,"1"
1,"0"
1,"1"
1,"2"
1,"2"
1,"1"
1,"1"
1,"0"
1,"0"
1,"1"
1,"1"
1,"1"
2,"0"
1,"1"
1,"1"
1,"1"
1,"1"
1,"1"
1,"1"
1,"1"
1,"1"
1,"2"
1,"2"
1,"1"
1,"0"
1,"1"
1,"1"
1,"1"
1,"1"
1,"1"
1,"0"
1,"1"
1,"1"
1,"2"
1,"1"
1,"2"
1,"1"
1,"1"
1,"0"
1,"1"
1,"0"
2,"0"
1,"2"
1,"1"
1,"1"
1,"1"
1,"0"
1,"0"
1,"0"
1,"1"
1,"1"
1,"1"
1,"1"
1,"1"
1,"0"
1,"1"
1,"0"
1,"1"
1,"3"
1,"2"
1,"4"
1,"2"
1,"1"
1,"1"
1,"1"
1,"1"
1,"1"
1,"1"
1,"0"
1,"1"
1,"0"
1,"0"
1,"1"
1,"1"
1,"1"
2,"2"
